short_text,id,label,data,is_attention_check,expected_answer
"Slowly and gradually, all facets of their lives can be accomplished by way of the Net. Meeting possible dates and dating can now be accomplished in the virtual globe.Nowadays online dating internet sites have enjoyed a large next since its inceptions a number of decades back. Folks are quick view...",5febe40a7f4bf6f477af654d3eea9ab3,male,PAN13-EN,False,
"What a wonderful day we had. We ventured to Six Flags over Georgia. It wasn't quite as I remember it when I was 20 years old...then again that was 16 years ago. I can remember when I went as a kid, it was huge and exciting and I wanted to do everything and there was never enough time. Now that I'...",4168492,1,BLOG,False,
This text will discuss the key variations between the two that will help you resolve which may be better for you. Perceive that my opinion is based on my private experience and the analysis that I've conducted.Liquid Diets (And Why One Of These Technically Is not One): I imagine that individuals ...,28c118646abaf08b33535fad28820db0,male,PAN13-EN,False,
It was a day of sightseeing for us!. We saw several different exhibits. This was cool because the ferris wheel was in the background. I loved watching the children on the merry-go-round. We even saw characters interacting!,2036_3,Female,PASTEL,False,
"it behoves on us all to make a drastic and prompt actions to make change a reality, in this part of the world called 'Nigeria' chauvinism is killing us",8b794cc8b9857b8704d9dc4eb5d0863f,female,PAN13-EN,False,
"In the beginning, what great way to start a book! I could go back to the time where there was total void but maybe it would be better to start at, let there be light... For me the light didn't come on until I was in my thirty's, mid thirty's. I packed a few clothes and photo albums and the kids a...",4213593,1,BLOG,False,
It was time to start family vacation. We started out with lunch on the ocean. Then we looked out at the water. We tried some of the culture's delicacies at the hotel. We ended the day with a beautiful sunset.,4813_0,Male,PASTEL,False,
"A number of things seize the focus today. Anything that will add convenience to your everyday living is obviously encouraged. Though any pen and paper is a big help to document dictations, many of us encouraged recorders since it makes the job less complicated. The typewriter had been carrying ou...",513bb87c52164b23fd22014659e67b69,male,PAN13-EN,False,
The group went to a costume party together. The costume party had a 70s theme. The costume party selected the winner of the costume party. The costume party was also a charity party. The costume charity presented a check to help children.,5115_1,Female,PASTEL,False,
"Every year, the snow fall begins around the same time. The winter always gives the graveyard an eerie glow. In order to keep yourself a bit warmer, you can sit at the table away from the snow. But it's also nice to walk at night with a loved one for a romantic evening. Just as long as you return home before morning when you can sleep off the cold.",13221_0,Female,PASTEL,False,
"I have become obsessed with this tattoo. I have always said that I would get a tattoo when I was 25 but have never really found one that I liked so much as I like this one. I've shown it to a few friends who all think it is pretty cool, so I think I am going to take the plunge (...",4047512,0,BLOG,False,
We tried the new family fun sport of ridingball. We tried water ridingball at the marina. The kids liked the crazy excitement of dueling ridingballs. Their ridingball popped but it was quick and easy to repair. When we returned to land we played a game of pop the ridingball in a dry grassy field.,23941_2,Male,PASTEL,False,
Time to prepare this lavish dinner. This was the first serving of the night. This is how the desert was prepard. Thie main course was kind of small. I needed antacids after that weird meal.,13681_3,Male,PASTEL,False,
The art museum featured an interesting installation recently. They also received some striking new collage artworks. One corner of the space features a dramati cnew sculpture. Another exhibit was comprised of a rising mound of chairs. The creations at the museum were always fascinating to experience.,28212_2,Male,PASTEL,False,
"This seemed like a good idea at the time but now I find myself not sure what it is I want to include here. So....for the most part I am going to begin. This week has been challenging, last night was my 6th shift in a row and still one more to go before having 2 nights off. For the most part I enj...",4032894,1,BLOG,False,
"After you've worked on your first website for a while and seen that visitors do not magically arrive at your virtual doorstep, you start to learn a little about traffic generation. One of the first things you will probably encounter is building links. Let's take a look at what link building is an...",17c1a2884c8e60f7143a45e48d67754,female,PAN13-EN,False,
"Along with the terminology, the  mechanics of graphic reproduction progressed as effectively. Designers choose out typography, animation, photography, artwork, audio, colour and other visual features for their artwork.The arrangement and dimensions of the layout aspects as they appear on the disp...",fe345e018455de3756fa7601508c1bf8,female,PAN13-EN,False,
It is the 4th of July. The fireworks sputtered with light. Fire took flight from the ground. There were some difficulties with some of the fireworks lighting properly. The finale was a dazzling display of awe.,16331_0,Male,PASTEL,False,
"And I came back with not only a tan, but a much better attitude. One of my friends brought a picture we'd taken together 3 years ago, and holy cow. (literally...cow) I was totally shocked at how different I look now, in a good way. It's really what I needed to get my head straight again. The fact...",3749229,1,BLOG,False,
"All people experience stress, and no doubt life has become much more stressful especially when your deadline is coming up and it is highly needed to connect to the internet, but the connection has got the speed of snail. Oftentimes, this causes you headache and wants to have a provider that gives...",75a79f733806de8ccf3eed70e42fbf1d,female,PAN13-EN,False,
I am participant on the day of the competition I ride and pipe some perfomance There were waves and shooting sand also I started to shoot rider I ridded and speed the wave,4743_1,Male,PASTEL,False,
"When you accept the idea that humans evolved without the aid or existence of a Creator you have stepped onto a dark path that leads to an ethical nightmare of meaninglessness. From a macro view, the honest evolutionist must consider all activities of the human species as amoral. We are biological...",3354539,0,BLOG,False,
Lets sit down before the show starts. They went all out this year. I wonder how much it cost this year. These are some quality fireworks. My camera must of run out of film since there is no picture here.,157_1,Male,PASTEL,False,
"In a smaller town, it holds one of the largest marathon events annually. The town's residents all show to show support to the runners. when deciding to partake in the marathon, its a matter of your level and experience with running. The marathon's route winds through the town passing historic monuments. The town waits near the end of the race, registering times for the runners.",20021_2,Male,PASTEL,False,
I know we've been having trouble with the web form I made - Sorry! If you all could just print it out an snail mail it back to me that would be great! I really want this Family Reunion to happen! I appreciate everyone's help in getting this accomplished. We will have a great time and it will be s...,3379667,1,BLOG,False,
Just moved the weblogs to my house so pictures will be coming soon. No more annoting banner ads either!Things can get boring down here in South GA. Besides work and school there isn't much more to do than go out to a bar. Perhaps boredom causes people here to get a little more tore up than others...,2856323,0,BLOG,False,
my son is learning how to appreciate cars. he's helping me learn our family car today. I'm trying to get him to concentrate. but he's more concerned with the handle than the car. we'll finish cleaning the car eventually.,13431_1,Male,PASTEL,False,
"Once the battery's temperature is among 32 degrees F - 113 degrees F, the charger will start off charging the battery. When the charger's green indicator light is blinking, then the battery charger is charging.Tip #9 - When the energy in your battery is made use of up, the Dremel automatically tu...",ad5b92310a343252b0d604cc16c1c313,female,PAN13-EN,False,
"People over to shop at this store. The mannequins always look so fancy. Shoe sales accomidate the changing seasons. It's time to get rid of your old, worn out clothing. Shop with us and look fabulous.",35040_0,Female,PASTEL,False,
"How to Tap a Cell PhoneDo you need a cell phone tap? Are you afraid that your partner is cheating? Is your child texting strangers? Is your employee not using his or her phone for work?! Do you need to find out how to tap a cell phone?Let's be honest, if you suspect someone is up to no good you c...",a880a3a35fe32b90e0eb61b20d0de1cb,male,PAN13-EN,False,
"The leveraged buy out (LBO) and management buy out (MBO) are common tools of American business whereby an acquiring entity will purchase its target through a combination of debt and equity. No brilliance there right? The clever part, however, comes in where the target company (i.e. its assets) ar...",3771404,0,BLOG,False,
"...And all the kings men couldn't put my poor PC together again. I've been having a few problems with my main windows box lately. Heavy disk utilization (I can hear the disk grumbling at me as we speak) and slow as molasses. The system isn't using any CPU cycles, just waiting for the disk to hurr...",3288783,0,BLOG,False,
My vacation started with a trip to a park. The park featured cartoon dwarfs. It also had many roller coasters. My mom went on every single ride with me. At the end of the day everyone had a lot of fun.,28507_0,Male,PASTEL,False,
"This is my first Blog so Let's Talk! Most Sellers that choose the FSBO route, do so because they are reluctant to pay the commission fee. Why? Sellers feel that we get paid too much money to put a sign in the yard & input information about their property on the MLS. Unfortunately, we as real esta...",3654296,1,BLOG,False,
As my life moves towards things I don't want. I feel myself drawing inward into me. Closing myself off from the outside world. Becoming quieter and quieter..friends aren't acting like true friends...love that can't be had...because we can't do distance. Not sure where I'm going to live for a mont...,3988394,0,BLOG,False,
There was an event at a college with an information booth. Students where were pledging their support for an important issue. There was even ice cream at the event. The students were enthusiastic about the issue. There was even a speaker there.,38255_2,Female,PASTEL,False,
"He stayed in the Hard Rock Casino when we visited Florida. We didn't stay in the casino very long and decided to visit the surrounding city. It was close to sunset and we wanted to see the beach. There were not too many people there, so we had the beach to ourselves. The sunset was beautiful and we will probably do the same thing tomorrow.",5375_0,Male,PASTEL,False,
"The store had a lot of wrapping paper for the holiday and season. When I got home, my mom told me she had cooked the food on the table. The whole family enjoyed dinner together. Then we opened gifts! We enjoyed the time we spent together opening gifts.",29670_1,Female,PASTEL,False,
"When I saw the movie---> along came Polly . I do love a section of an actor's lines in the movie. It's about how to treat our life, as follows: ' It's not about what happened in the past or what you think might happen in the future. It's about the ride, for Christ's sake. There's no point going t...",3596051,0,BLOG,False,
The strumming of the acoustic guitars created a calming atmosphere. The building stood in the distance illuminated by the night sky. Her vocals pulled you into a thoughtful trance. He walked somberly down the path. A hearty breakfast to start the day.,22592_1,Female,PASTEL,False,
Sleep Aids Reviewed- In-depth Evaluations Air Max of Sleeping Tablets / Rest Aid dietary supplementsSearching for the right sleep help to overcome your insomnia? You've arrive towards the proper spot. Showcased here are in-depth evaluations of countless sleep help medicines and sleep dieta...,45ab7c70b407d09e2976b8bc2259f903,female,PAN13-EN,False,
"When in the woods, I saw such gigantic spider webs I needed to keep walking! There was this giant spider that was so nasty and plump, and it was sitting on a leaf. Although I was scared, I was still curious as to how a web that big was made from that type of small spider. After examining the web, I walked out of the woods, and started walking towards my route home, where I was waiting for the subway. On the way into the station, I saw this unique art show display, which was a very cool pyramid-like creation.",2299_2,Female,PASTEL,False,
our national soccer team lost the semi finals in the european championship. although this has nothing to do with my study. this is some crazy thing with the country i live in. nobody believed they could get this far. because this wasn't the best team we ever had and the practice games really went...,3792469,1,BLOG,False,
Earning a residual money is powerful and a great digital recruiter can do that by doing work with corporations placing contractors (those who are ready to get the job done on a brief-expression basis for an hourly amount as a substitute of a wage).A organization is nothing at all with out its sta...,1023c3a657f870432e8142b3bf704e,male,PAN13-EN,False,
"The safety and security of lives and property is the greatest concern of every individual or group. The dangers of theft, burglary, violent crime and break-in have resulted into several kinds of security systems and safety solutions that promise ultimate safekeeping and security. One such great u...",1779b7b442aa02f6b1be79bbe224dfd,female,PAN13-EN,False,
They loved the architecture of churches. They loved the art of stained glass windows. Standing in front were three members of a secret organization of assassin nuns disguised as tourists. They loved to view the sacred and stayed there all day. From the sacred they visited the killing floors of butchers were dead pigs hung for sale.,11486_1,Male,PASTEL,False,
"If most mothers had the choice they might jump on the possiblity to emerge as a member of the work at home mums team. They can make money at home and at typically the same time they will all the same look after household responsibilities. Without a doubt, the best of 2 worlds.Although it does sou...",6fc39d643fc2597b23d0f1b6e0b2afb5,male,PAN13-EN,False,
"Where to begin?! The beginning would be good but I feel that jumping around keeps you on your toes more...jazz's things up a bit! You are going to go on a strange trip, so grab a cocktail, sit back and buckle up...you are in for a long strange ride...YE-HAAAA! First of all I must confess that I a...",3741966,1,BLOG,False,
"My dad is taking pictures of his beer. He moves his glass around to get good lighting. He blinked in one, and we had to take better ones. He needed the perfect shot. Next time, he wants to take pictures of red wine.",37616_3,Female,PASTEL,False,
"ok... this is my first sign up. this is actually kinda cool. was actually lookin for a nice wp that i can pattern my page to. but i just found myself registering here....which is actually cool though. its gettin late so better yet, see what other good stuffs this has to offer. ) blogg...",568146,0,BLOG,False,
The quietest walking path in our town. The path leads to one of these views. The path also gives us this lovely view. Stopping near the water before the path ends. The last stop of the path leads directly to the pier.,31879_1,Male,PASTEL,False,
"I suppose I should have a little more content to justify the massive, page-lengthening links list at right. (Okay, it's not that massive, but it's longer than the lone post.) I haven't been thinking about much lately, just doing whatever to get through the day. I haven't been sleeping too well ei...",2840286,1,BLOG,False,
Finding reputable online casinos is not easy. There are so many Internet casinos today and almost all of them have very professional and engaging websites. The biggest question now is how you can differentiate a rouge casino from the reputable ones. If you are playing casino games on the Internet...,9bfa6507eb699900f327713e9e363695,male,PAN13-EN,False,
"Okay... so maybe this thing is the new livejournal bandwagon. Who knows. Don't really care at this point. I'm far too lazy to maintain my own blog atm, so this is going to work just fine for me. I find myself wondering why I persist in this constant struggle with my shape. It seems like no matter...",3932271,1,BLOG,False,
we took a ride to the river on our bikes. there was a book shop we checked out. we walked the streets and looked at the different buildings. it was a pretty day full of adventure. we stayed out until the sun set.,20849_1,Male,PASTEL,False,
"The men were checking their gear before the presentation. The soldiers stand straight. There is a veteran, saluting as he walks. The soldiers get in line and are shaking his hands. They are proud of their military graduation day.",17187_0,Female,PASTEL,False,
"It appears that after a few a long time in the future, the fantastic grandchildren will not likely know that there was some thing named “trees and plants” and the way they looked within the color ‘Green’. Pest moderate overstatement nevertheless many of us don't know studying the tempo where we'r...",1a29fc541ecec8a4fbb86056e9cfa763,female,PAN13-EN,False,
"Currently at an artist retreat. This installation is interesting, They call this piece ""the road to nowhere."" Even the trees look artsy here. My favorite art piece of teh whole retreat.",13859_1,Male,PASTEL,False,
"I had these ideas for a while now and so I decided to post them... : 'The lone knight stands on the tower watching the gloomy storm clouds in the distance' 'They watched the lone knight travel along the road, never to see him again' 'So after she left him, he traveled alone in the world, never to...",3902294,0,BLOG,False,
Have a smile on your face and your life will be good. See things as they really are and then happiness will be with you. Success is a journey not a destination! A friend is a person who knows the song in your heart and can sing it back to you when you have forgotten the words!Self esteem is not m...,b0a83d2f3092c9793857c5d6ef804203,male,PAN13-EN,False,
"comes this copout. But since nobody's reading this yet, I doubt it makes much difference - a test of the 'tree falling in the woods' theory... - I Can't - Please forget the words that I just blurted out, it wasn't me, it was my strange and creeping doubt, it keeps rattling my cage. And there's no...",3603867,0,BLOG,False,
"this morning i went jogging/walking/running, and i feel so great. and then i poisoned my body with one of Little Debbie's devil cremes. Damn you Little Debbie, and your scrumptious pastries!But, hey! i still feel pretty gosh darn good. I'm going to leave the house early so i can go downtown and r...",1259041,1,BLOG,False,
"You know, it's sad when you have all the time in the world (such as summer vacation), but you lack the discipline to keep up with all the general upkeep of thinks. For example, I've had a lot of free time, and I am so behind in things. That is the creed of the true procrastinator. I get mad at my...",4186134,1,BLOG,False,
"Two sisters had a great time on vacation.  First, they climbed up some very large rocks. Then they went to the beach and were playing in the sand. Their father and little sister joined them as they were digging in a tidepool to see what they could find. Their father showed them a little crab that was hiding in one of the tidepools. The crab carries his home on his back. One of the girls drew a picture in the sand of what she would look like if she carried her house on her back.",31810_0,Female,PASTEL,False,
"Which is more important a Arizona Unemployment from a professional Arizona Unemployment writer or a superb career network? The answer is: Both. You need a network to help you identify the right job, and you have to create it yourself, each day, with steady effort. You also need a top qualityArizo...",958a64aaeefecc9c6b85eafa38b7763f,female,PAN13-EN,False,
A visit to a chocolate factory is fun. There are giant blocks of chocolate there. Cocoa butter is used to make the chocolate. It is mixed with the cacao in big vats. Finally it is dried into chocolate chips.,33148_1,Female,PASTEL,False,
"Children set the table for dinner. People began to arrive shortly after the last plate was set, sharply at 7:00 PM. The guests gathered around the table, filling their plates high with flood, higher than the empire state building. Gathered around the table, they sat, drank, and ate joyfully. The conversation never grew dull and they continued conversing well after late afternoon.",20559_1,Female,PASTEL,False,
"Well its just after 10 and I have been up for 3 hrs, im still undecided as to what im gonna do today. I want to wash the car...... but i want to take the kids out for the day and the weather could turn. decisions, decisions lol. Ho-hum the pub sounds like a good idea to me ) Back to work again to...",3423963,0,BLOG,False,
"Before digging up anything wait and entire season to see what can be saved and what should be removed. Your yard will have an element of depth that way. It will enhance your house's curb appeal ideally.Be aware of your land's hardiness zone, and buy plants that suit your landscape. The map of har...",6451755783e167b96bfa837c6395f34e,male,PAN13-EN,False,
"It really is largely understandable that many individuals continue to be skeptical regarding the ultimate usefulness of on the web dating. After all, it's only relatively not too long ago that the process has become accepted as part Peyton manning jersey of the social mainstream. One particular n...",2a0ff906f870f600019a5fa08eff3726,male,PAN13-EN,False,
"Usually manual transmission demands far more talent to operate a vehicle and may be pretty challenging to learn. For this reason the majority of People in america use automated gear boxes to drive. However , if you master the manual gearbox you'll get lots of advantages. The first and the most si...",e58ec34fa81b7a6219dc0a25737a6a34,female,PAN13-EN,False,
Learn to appreciate what you admire. Life attracts to you what you appreciate and admire.Life is a lot easier when you live a natural life. A life void of fake and packaging. You will live a stress free life because people take you for who you are. You are nothing but a second best when you live ...,6c7d55c1cdbef20f8ef1f40462d63768,female,PAN13-EN,False,
Two people wear black jackets. The people shake hands. There are many people entering on the red carpet. The soldiers stand at attention. The people sit quietly at the funeral.,28859_1,Female,PASTEL,False,
"I've been getting more and more interested in the  Green Pary of Canada lately. Their policies seem very inline with my values and vision for Canada. Importantly, I believe their economic policy to be sound: tax the bad things, subsidize the good. I've actually put down my name as a volunteer. Mi...",3393354,0,BLOG,False,
"Last year we took a fun trip to Disney Land. There we saw statues of the Seven Dwarfs. We rode tons of rides and roller coasters. My mom took a picture of me on a ride, but you can't see me because it's all blurry. I hope we'll go back next year and have a lot of fun again.",28507_1,Female,PASTEL,False,
"The legislation enforcement coaching academy is no laughing subject especially the very first couple weeks, in which instructors will check out to break you mentally. You are going to come to recognize that the police academy is not for the weak. You'll be on a quick leech through the academy. If...",f5a94cfbd997eae599d6efd29c2c1a29,male,PAN13-EN,False,
"Sometimes old people stand in the rain, waiting for things A fine waterfall reminds the elderly of gravity. Although the trail was gentle, gates made of popsicle sticks were used to corral the old people. As the time for noon-day meal approached, the number of the group had dwindled sharply, wolves howled in the distance The survivors met at Starbucks the following day to begin the healing process with the fabled pumpkin spice.",7431_1,Male,PASTEL,False,
before the game the coach gave a pep talk. The cheerleaders cheered on the players before the game. Everyone applauded the team as they walked on the field. They players played their best. The fans were impressed.,19137_2,Female,PASTEL,False,
"well, here it is, august 21- just two days from my departure. i just wanted to let everyone know that i reached my $8000 goal and then some! it's very exciting. for the last few days i've been packing and unpacking, calling back and forth to other YAVs (those are other volunteers in the program) ...",4176561,1,BLOG,False,
"I highly recommend placing titles within the code of your links. This should be the title of the page it leads to and support the importance of both pages, the page with the link, and the page linked to. Important facts on SEO and click here.A few things you can do to build your search rankings i...",317b9ada09f9b9859002981ddf16efda,male,PAN13-EN,False,
"  window treatment tips are necessary to modify the appear and design of one's kitchen or to create a preferred effect. On the contrary, the massive selection of window treatments makes this process a bit as well hard to get completed. You'd be torn among quite beautiful window treatments but fin...",42a00e77c2513bb4163ffd75196b125a,female,PAN13-EN,False,
"Accumulating textbooks is definitely an ever more common enthusiasm for a few individuals. Should you like publications and need to make some income from residence or maybe start a new pastime, then accumulating antique books value might be a normal stage for you personally. It will not make a di...",da168659933b28c4608a7a0a911cdca2,female,PAN13-EN,False,
Learning how to play guitar. Learning how to play the drums. These drums sure are fun. Get away from me dad I can do this by myself. If she doesn't get off the drums soon I'm going push her off because it's my turn.,7345_1,Male,PASTEL,False,
The green dude was in the grass. As he moved to the pavement he noticed something. He moved towards the object. He got closer to the object. He ran away scared.,38169_0,Female,PASTEL,False,
Research show that the number of current skin disorders has been increasing. A specialty area of skin care combined with surgery pathology is a research considered in offering medication as well as remedy to different skin ailments. This can be called dermatopology. It's a research which generall...,24dfb92020c142da2eb7b6b14bbbe7cb,female,PAN13-EN,False,
"Where love is there is faith... Love is the salt of life.. We cannot learn mean from books... There is no fire without some smoke.. He that makes his bed.. A broken friendship may be solder'd, but will never be sound. A friend in need is a friend indeed. Better alone that in bad company!!! The wi...",2723b464f5bf2ac7b987061ba0a5c443,male,PAN13-EN,False,
"Are you aware that camels do not have only a thick row of eyelashes but also two layers of eyelids in order to protect their eyes from the desert sand? Even though this seems unnecessary in the beginning, human lashes actually serve a very similar function for keeping out dust and other particula...",de524d8c74c1827053add3378549059c,female,PAN13-EN,False,
in the world of sabina there are many dolls This is very influenced by the most favorites dolls the friends and the families are reflected in the dolls my favorite set of dolls is a sports team made with replicas,3500_0,Male,PASTEL,False,
"Possibilities are, all you'll want to do is commit a small time acquiring your present landscape in order.Cleanse up The Main FeaturesBefore you add everything to your yard, make confident the fundamental landscaping attributes search as good as possible. Get your lawn, shrubs and trees in very g...",71a70eea3d0497a04de1f9744b2f99e2,male,PAN13-EN,False,
"I saw a sign for a candle sale and I was intrigued. It wasn't just the sign but also the brilliant artwork on the side of the building that intrigued me. In fact, almost every building was covered in colorful artwork. Up on a telephone pole I noticed a strange contraption. When I got back to the hotel and into my hammock I wondered what it might have been.",20628_1,Female,PASTEL,False,
"Since you are searching to learn more about regenokine therapy , one thing that is important is you must be prepared to do additional research. However, not everybody has the time or inclination to do that, and we know that so many of us are incredibly busy - but still, sometimes you just have to...",a1307fade8d69e0b7517048a035714b3,male,PAN13-EN,False,
"  For any one that has started a blog or a website, after they have gone through all the techie setup and have found a theme that screams this is me..  If you have a Wordpress site, or blog one most important things is to make sure that our site is secure at all times with the best security plugi...",154c1959c18d61d4adfd4e501a74d93b,male,PAN13-EN,False,
The house was far from view. I tried to look up more photos of it. Every photo I clicked on said unavailable. I was starting to get frustrated. It seemed as if I wasn't going to be able to find anything.,31334_1,Female,PASTEL,False,
"Just when you consider that you have last but not least found the profession of your dreams (or at the very least something that will pay out for the the vast majority of your bills), you realize that you are about to be laid off. On top rated of sensation that your earth is crashing all around y...",4064a8227880b651b98be3f9c4bcbf57,male,PAN13-EN,False,
"I am standing on the edge. The edge of what I'm not quite sure yet, but I can feel the gaping maw of something waiting to swallow me whole. I feel it there, yet I just stand here on the edge, looking around, checking out the weather, looking at the trees. Basically trying to look everywhere but i...",3770083,1,BLOG,False,
Winning is an important part of a poker game. No one gets involved in a poker zasady game hoping to lose. ,7e114cd70bfd961b495390ec9c4af762,female,PAN13-EN,False,
Sucess isnt only dtermined by hw much money or status u got but also by havin a sound and healthy state of mind..,86d3aee7249308786fda403054ce7633,female,PAN13-EN,False,
"The trees give off a strange aura on haunting. The spirit surrounds the wheel. The treeline contrasts what is offered. They settle, eating happily. There is a tower.",9783_0,Male,PASTEL,False,
Players know that even when they shed they even now are earning as they are accumulating Vpoints. Many online bingo operators do even now not supply any kind of income again scheme despite the fact that in latest occasions one particular or two other bingo rewards schemes have been launched that ...,a30e7ca85727ead471c907391fd03551,male,PAN13-EN,False,
"RPG. A Role Playing Game. Something done by folks who as a majority, not all - just most of them, have issues or excessive desires to play and escape the word around them. They have to evade reality as we generaly accept it and live out a happy and product alternative life through a character the...",4081644,0,BLOG,False,
"Strong unions usually set the upper cost for skilled labor and yes it seems non-union wages are higher in areas with stronger union representation. In most cases, locations that have excess labor can have lower labor rates. Because of the recession and the real-estate new construction depression,...",8f16fcfad8dc7d1bd35adb4004decb29,male,PAN13-EN,False,
"As he searched for food, he saw a bird fly overhead. The bird landed on an empty dock surrounded by nothing but water and trees. The views of the water were breathtaking and the sunset was beautiful. The trees were tall and stood proudly, providing some much-needed shade. He stepped out of the shade into the sun, where he stood glistening under the awesome rays.",5287_1,Male,PASTEL,False,
"  Browse through ApnaIndia.com to find local business listings in India with contact details like address, phone numbers and more.",7e3ce752aa7bd71048540e10817eeafe,male,PAN13-EN,False,
"Skiers and snowboarders alike know that the cold can take a toll on the trips to the mountains, and a Spyder jacket can help to keep them warm. Taking to the trails is only fun when it's not too cold, and a great jacket can keep an outdoor adventurist as warm as they need to be to enjoy the outdo...",ad1c08c1bbe248952d7728e92087e7b6,female,PAN13-EN,False,
"It is important that you employ the services of reliable professionals when you are dealing with electrical connections. It is a well-known fact that electricity is capable or powering homes, it powers many different kinds of appliances and it powers businesses. Nonetheless, it is potentially dea...",a18f080afc7468b29d60d57eae61dc0,male,PAN13-EN,False,
"We were driving down a huge freeway. We had to stop sometimes because we felt sick or had to stretch our legs. We stopped for a photo op, too. My sister made sure to sit in the photo op. My other sister decided to lay in the freeway.",10003_1,Female,PASTEL,False,
"There was a small party at the house. Several people were there and hung out. Everyone sat around and took pictures together. as the night went on everyone started to lay around. Even though everyone was supposed to be neat, someone did knock over a plant at the party.",38529_0,Female,PASTEL,False,
This stained glass if from some famous artist. This one took 2 years to finsh. This one kindo f scares me sometimes. This one is the newest piece her. This church is really old.,11586_1,Male,PASTEL,False,
The crafts class teaches art. They helped build furniture. The woven shelves were buildt. The favorite cage for birds was created. The wood was saved for other people.,21384_0,Female,PASTEL,False,
"I went and took pictures of people, places, and things. I tried this neck shot. I also took a picture of a butterfly. My favorite picture is one of a lizard. The last picture was one in a bowling alley.",11123_0,Female,PASTEL,False,
Hey everyone what's up its been a couple days since I last posted anything and I figured now was as good as time as any since I won't be home for the next few days. Yeah thats right I won't be here cuz I will be stuck in some cottage in Geneva-On-The-Lake for a few days woohoo what a vacation**co...,4139452,0,BLOG,False,
Divorce is the most distressing experience for those involved. This is because the couple not only has to face the emotional stress of separating but also has to face the family and even deal with their children which can be quite a difficult task. There are times w...,ab66f5a90dbf28e3b64a50daf44f84e3,female,PAN13-EN,False,
They say that it takes seven years for a single star to fade away from the time it dies out. living a quiet life kills a person inside though other may see you as a light nothing really matters because the cold is your play field......,c830b95b9d585445d70af66ee3132d32,female,PAN13-EN,False,
He arrive in limestone He stopped to visit a historical site He learned a lot about the visit He loved the old archetecture he took  a picture of himself as proof he was there,19290_0,Female,PASTEL,False,
Somehow I thought about those days where I was at happiest. Where I'd feel so light-hearted and kinda full of myself. ... Those were the days I shared with my running companions back in jc. I thought about our training sessions. How I started out... The arms that swung like monkeys (which I think...,3838413,1,BLOG,False,
"The Dancing Trees The blowing winds confound the trees Into blowing in every direction As gray clouds begin to gather And the sky darkens almost to black The storms descend in a fury of sound Thunder crashes as lightning flickers Rain pelts the thirsty canyons of soil While we stand outside, our ...",3956714,1,BLOG,False,
There was a car accident The police were the first responders When the firefighters arrived they treated the injuries One firefighter was very compassionate Soon the road was cleared and all was back to normal,33809_0,Female,PASTEL,False,
What happened to the picture I took it's not here. Who messed with my camera roll where is the picutre. That's the last time I use someone elses camera. Where is my picture? Awesome shots taken will never be seen since there is no picture here.,13220_1,Male,PASTEL,False,
Today was graduation day. All of the kids were smiling. The principal spoke and it was boring. Then the smartest student spoke and it was more boring. After graduation everyone went to a party.,17316_0,Male,PASTEL,False,
"I took my son to the parade in July. We honored the veterans as they rode through parade. As the fireworks detonated, the floats drove past the dealership. We clapped as the trombones passed with all the musicians. The local school put on a performance.",12908_1,Female,PASTEL,False,
"I'm adding a new post today - not because I have anything interesting to say, but because I'm being badgered to update my blog. I do intend to eventually make a habit of keeping this fresh, but it may take a while to get into some kind of routine. Especially since I try to avoind my computer at h...",3418197,0,BLOG,False,
"Don't let any situation you find yourself to deprive you of your joy, you have the right to either be happy or sad....problems are only there to shake our minds in order to take a nasty decision that may lead to a regret tomorrow. note: the society might seems to reject you because of circumstanc...",16ac13162dbd1bdb7ed722e7b92a4211,female,PAN13-EN,False,
"As we know, play is a child's work that is why it is important that we choose online games that are fun and educational at the same time. Today, almost every household has a computer and internet connection. It is not surprising that kids are on the computer or are learning how to operate one. Th...",ae6cee152246f8695a8b40a30922f511,female,PAN13-EN,False,
"Phew...Just finished my dinner...Today is a normal day for me again...Nothing special happened... Went to school , study , come back and sleep... Tomorrow will be the first day of trial examination and I am totally not ready yet... Not even a subject... Not even half a subject... Maybe because I ...",3944847,0,BLOG,False,
"Click Here to Watch Jazz vs Grizzlies Online Live Live stream tv online watch its live the best sports broadcast tv online we will try to get live video grizzlies v utah jazz live 06 01 2012. Watch juventus cesena livestream 04 december, 2011 watch watch qatar exxonmobil open 2012 live stream wat...",a8072c35f9b9e53b354b52671d230aea,female,PAN13-EN,False,
"[Blogger's note: This is my first blog posting ever, so I’m a little nervous about jumping in here. The subject of my first post is not a particularly controversial or “hot-button” issue - it concerns some of the the procedural arcana involved in conducting Presidential elections. But it’s a topi...",3494117,0,BLOG,False,
The family was ready for a great time at the Winter Wonderland park. There were Christmas decorations everywhere! We stopped by a stable to visit the reindeer. There were even shows with costumed characters. One of my favorite parts were some of the games they had at stands.,3091_3,Male,PASTEL,False,
My first day at school... I walked in and a lot of people hugged me and then i walked to my locker threw my stuff inside and went to find more people. After i was done messing around we had an asslembly and the teachers all ran in when they were announced and we all laughed at them and then i wen...,4197874,0,BLOG,False,
The art museum had exhibits made of wires. There were also exhibits made of plastic. Farther in there were paintings of landscapes. There were also flowers and oil paintings in the museum. Some of the paintings mimicked the flowers in real life.,31266_2,Female,PASTEL,False,
"Decide to be happy today, to live with what is yours - you're family, your business, your job. If you can't have what you like, maybe you can like what you have. Just for today, be kind, cheerful, caring and understanding. Be your best, dress your best, talk softly, look for the bright side of th...",762d73103d2aa91bc37de6b371c7ab6c,male,PAN13-EN,False,
"it is official: i have no life. wednesday, i went to silks practice from 8-10am. we learned more to our routine (which is gay because miss staats made it up) and found out the theme this year is 'latino music'. oh, how fun it will be to see our 10-person marching band try to play latino. i went h...",3856856,1,BLOG,False,
"Should you be looking for a formidable volleyball on the cheaper part in the price tag range, have a look at find a volleyball tournament. So as to perform volleyball in the right way and also in comfort, you'll have to make sure that you wear the right kind of shoes. The right kind of shoes are ...",fdf4388adbb23c962bb7733144f0710a,male,PAN13-EN,False,
"Life as we all know is full of struggles and challenges. You may not always get what you want but never give up, there are more colorful days ahead. There is no greater gift than having life. As long as there is life there is hope.",3b69947ff2eb3bfad17d2a7622bd3b5a,female,PAN13-EN,False,
"Perhaps you are already acquainted with some of the available information regarding shaklee vitamins. But we have noticed that not all of it can be useful, it just depends on your specific needs. There are many trustworthy resources about it, plus other associated aspects that you have to conside...",c5651306c67e6ba88fd77acf4e7efc06,female,PAN13-EN,False,
"As you may already know producing music beats is quite pricey these days. If you want to create good quality tracks, you need to get the most current music recording equipment or ideally a full top notch recording studio along with the required tools for getting the maximum out of every sound. Of...",e382464fdfa06c317fce661a715e83c0,female,PAN13-EN,False,
People gathered at the backyard barbecue. They were mingling and having a good time talking. The food was looking great on the grill. The barbecue master was doing an excellent job grilling. Finally everyone started stuffing their faces.,21633_2,Male,PASTEL,False,
"You can aquire a wonderful low cost when you have such things as overall health, life, and property insurance using the same firm. If you decide to switch your vehicle insurance plan to another company rather than the one which manages your own home insurance coverage, your home insurance coverag...",3b9ed383e8eec9c26cafe3f3bcd79416,male,PAN13-EN,False,
"Today is a cool day, since I am so cool. I had an orange for breakfast, rice for lunch, and I guess I will have a&w for supper. thats nice",7689655f5df5de14b1584b49799e4bda,female,PAN13-EN,False,
yesterday was a blast...had so much fun tat i cant even begin to describe the feelin of it...it was unexpected tho...cant imagine how it all started or happened...just came on spontaneously u know wat i mean...well...all good outings r always unexpected n spontaneous...if its planned then half th...,4037808,1,BLOG,False,
"In case you may be searching for some thing to sit on to take it easy, look over a book, enjoy TV, or possibly even take a snooze, saucer chairs really are the best option. They are usually designed for ease and comfort which in turn is boosted owing to the fact that they supply support for your ...",7897e5f1f22f11f4fe937c0f5195559e,male,PAN13-EN,False,
"Wow, yep I havent written in here in like two weeks atleast, but I'm not gonna try to put a shitload of stuff in here. I got my senior pictures back yesterday, and they're actually pretty good. Or atleast like 4 of em are... I'm hoping that I'll still be able to get professional ones, even though...",4141228,1,BLOG,False,
"today our orchestra had a car wash so i didn't eat AS much so today i ate: a plain bagel, half a mountain dew, grapes, half a peanut butter sandwich, a bite of a brownie, some dry apple jacks, some dry honey grahms, half a bowl of mac n cheese, and 2 or maybe 3 glasses of kool aidtoday i ate a ha...",4228481,1,BLOG,False,
"I wish u all the best.what you believe governs what you do and determines who you areI like to think of God as love,he is able to heal our lands and our hearts",7a60812923db1371d883f5562d33b0ed,female,PAN13-EN,False,
"The fog and reporters have both gathered on the docks. Sports fans and stars alike begin their ferry ride, amidst radio interviews. Baseball icons wave to passersby and fans. The ferry pulls out of the dock slowly, even still almost managing to tip some members of the crowd overboard. As they cross the river, fans have found other boats to join them, and show their support.",38386_1,Female,PASTEL,False,
"July 27, 2004 5:27 PM I had my first and last encounter with cutting today. I just wanted to see...Why so many people do it...Does it help you forget. Well I was too stupid to think of using a razor blade(and I don't know if I even have one). So I used knives which didn't cut very deep. Since it ...",4088797,1,BLOG,False,
The charity event drew a happy crowd. The first speaker talked about the importance of happiness. The next speaker gave testimony of the joy of liffe. The grand total of giving was in the checks donated to local schools. This wonderful organization leaves happy faces.,17751_0,Male,PASTEL,False,
"We sit and pay a small fortune for gas each day and wonder what we can do about it. We hear supply and demand and then send food to the same people who want us to pay more each day for gas. I only have one question. Why? The same people who charge us what ever they want for thier oil, expect us t...",3849677,0,BLOG,False,
"What differentiates the prosperous sites off their unsuccessful counterparts might be expressed in a single word: organizing.The fact that taking this critical primary step of website development cannot end up being overemphasized. But, it is usually astonishing how many people overlook it whenev...",431bc69296e24f7d48b9b03fa92cdef7,female,PAN13-EN,False,
The river is a beautiful place for tourists to visit. There are lots of food choices nearby. There is a nice statue which is interesting to view. It is lovely to look at all the parked boats. And there are sometimes fun entertainers wearing coke bottle costumes.,11016_1,Female,PASTEL,False,
"In our lives love is most important factor. so do love and get love from every one, Spread the fragrance of love every where",da72319e943c4ab1e703cb0e068df7e4,female,PAN13-EN,False,
The urban culture in town is popular. People especially love the tunnels. The walls are covered with grafitti by different artists. People love going to the urban side of town with their friends. They love to pose for pictures and explore.,15125_0,Female,PASTEL,False,
You can determine the size of the tank for African cichlids based on the number of fish you are planning to breed. Occasionally you can also feed them with live food so that they do not forget their hunting capability.> Breeding African cichlids is not an easy task as one thinks. Provide a good e...,f25d8b2f1ec43778a900026bc23b9518,male,PAN13-EN,False,
"Certain people don't have a link on this blog because, well, some of the material they post is not worth mine and other peoples time. Now that may seem harsh but it's how I see it. The people who do have links are the ones who post regularly or have interesting things to say. I'm sorry but it's t...",2711330,0,BLOG,False,
"At first look, web hosting sounds like a technical, complicated topic. However, when you break it down into manageable tips and small pieces of material, it can be understood much better and helpful to any business owner. Read on to gain a better understanding of your own web hosting needs.If you...",a6e1b71c74fda65f037e60014cf1304c,male,PAN13-EN,False,
" sunhelp You can use vi mode by setting the option like this: set -o vi (when in ksh already) OR ksh -o vi (when launching a ksh shell) In this mode, you'll want to get familiar with a few commands: Previous Command ----> [ESC]-k Use this key combination to access your previous command Next Comma...",3417438,0,BLOG,False,
Our family is making desserts. We have many different types. My cousin is here helping out too. My daughter thinks they're really tasty. The whole family enjoys them.,13163_2,Male,PASTEL,False,
"My polling station was inside a Catholic nursing home. The door was locked and the lady at the desk was talking on the phone. I stood there waiting for someone, anyone to let me. Finally, a nun passed by and after convincing her that my voter's card and lack of any other reason to visit a Catholi...",3612757,1,BLOG,False,
"G4TechTv The new Channel launches today. Click above for the link. Is There going nowhere? GameSpot There Inc., the people who brought you there, are thinking about stopping their consumer service. Guess we will know in 90 days. :( ThinkGeek :: Swiss Memory USB I thought this was cool. |The Sims...",3391192,0,BLOG,False,
"Catering companies are unique in that their work takes them all over the Phoenix area. Vans, trucks, and other company vehicles are required in effort to ship food, and other catering supplies. This provides a perfect possibility for catering companies to advertise locally by employing a vehicle ...",4d4e8a500d290c0165adb2bce9009024,male,PAN13-EN,False,
The buffet table was prepared for a party. The guest of honor smiles. Everyone shares a glass of wine. Even more guests arrive. A wild and crazy centerpiece is created.,8019_0,Female,PASTEL,False,
"Hey this is my first post so i hope i don't disapoint you, whoever you are found out about this site from a friend(  ) and thought the concept of a way to post your ideas and thoughts for free was alright so here i am typin'. well i guess i'll talk about today. well sleeped in till 11am. got up a...",3690904,0,BLOG,False,
"Hey all! I am feeling refreshed today! I went to  church today and I feel like a ton of wieght has just FALLEN off of me. It was time to shake them demons off . . . it was time to reflect on my life, the purpose of my life and I needed to search and find out what god has created me for! Yes I sai...",3658006,1,BLOG,False,
"And I feel, so much depends on the weather So is it raining in your bedroom? And I see, that these are the eyes of disarray Would you even care? Stone Temple Pilots I’ve been listening to Core for the past few weeks, on and off. The critics dismissed STP’s first album as a mediocre Nirvana knocko...",4162841,0,BLOG,False,
Welcome to the first day of class. Each class will be keeping a 'BLOG' as a way of accessing and rembering content that we cover in class. Each day one of you will be posting a summary of what we did in class. Writing this summary will earn you five bonus points to be added to your grade. Anyone ...,4301799,1,BLOG,False,
finished my first homemade ride today! Need for Speed: Underground... u can really taste the garden-grown goodness. i hope the southern public has a need for speed - 'cuz i got a need for their money! i'm actually impressed by the $50 video editing software i bought for the gig - it gives the ill...,4109640,0,BLOG,False,
"In honor of this bag's main color, I'm gonna post in bright green. Here's a story... A few months ago, there was a lil kitty who got a book called 'Stitch N Bitch: The Knitter's Handbook'. For the next two weeks, she kept flipping through, reading it like a novel. Sometimes, she even held off goi...",3985734,1,BLOG,False,
people of my blogg i will not be using blogger anymore i will be using xanga so... i'll see ya'll on my comments bye oh yeah! my xanga address is hey it's me again ... here is what i'm doing to today.... To start off i went to church and sat with becca after church i went to golden corral with th...,3956655,1,BLOG,False,
I am still not smokingI am happy to say that I have not smoked one cigarrette. It has been super hard and I have been a little short with people lately. I do not care what anyone says. It is not in your head. I recieved a comment that fights with my sister would be funny. So since we recently had...,3358494,1,BLOG,False,
It was day one of the outdoor classroom. The instructors were showing the kids what to look for. They had the chance to hold new creatures and learn about them. Along with the chance to try to catch butterflies. A very exciting day was had by them all.,23551_0,Female,PASTEL,False,
"Every Autumn, the family gathers at the lake. They always bring the last fruit picked from home. The family loves to visit the lake to go fishing. The house has a porch to sit in peach near the water. The best vacation is to watch the water.",19424_2,Male,PASTEL,False,
We gathered at the convention center The guys were excited for the event We heard an interesting discussion The featured speaker sent a positive message They proudly received their certiifcates,17143_2,Male,PASTEL,False,
It really snowe last night. I hope my ducks aren't cold. My sheep are just chillin. My tractor wont start today. I need to get more propane soon.,19480_2,Male,PASTEL,False,
"The most common pet turtles are aquatic turtles, which incorporate the Red-Eared Slider. Aquatic turtles are much more energetic than terrestrial turtles and so they are inclined to eat much more meat. Aquatic turtles will also carry on to try to eat meat as they age, while terrestrial turtles tr...",e5a6d8168390e5f8159e1a46a0c24222,male,PAN13-EN,False,
"After the long wait, the site and domain is up and running. About damn time....This site will soon be transferring over to my new domain at  PocketKangaroos.com . The site name originates from the poker hand of being dealt two kings right at the start.What a crummy stretch the Cubs are on of late...",3722582,0,BLOG,False,
"Formerly, people usually hold stereotyped perspective towards reproduction watches. For them, these fake watches are add up to something substandard. Really, it isn't completely precise. That would depend on which sort of high quality ultimately you'll choose. designer bags Individuals of high qu...",f4e3f40e377964df134e0c7d406e6c1,female,PAN13-EN,False,
"This is one thing to keep in mind when it arrives to picking out the amount of protection that the beneficiary gets on your passing. The more coverage you have, the far more the top quality is heading to be general each and every and every single month that you have the method.Devoid of living in...",a6491163663d01551d7cf8adc7fba343,male,PAN13-EN,False,
How To Advance Search Engine Optimization SEO By way of Social MediaSearch Engine Optimisation (Seo) is definitely critical for having your web page ranked hugely in big research engine results' pages. But it's not generally as uncomplicated as acquiring an eye-catching webpage full of hyperlinks...,653c298a881861ccf5188ab63fa37ee2,male,PAN13-EN,False,
"14:55 I dare not make that phone call. It shouldn't matter, and we all agreed it wouldnt, so why have i put it off so long? 20:00 Plucked up the energy. Rang singer - no answer.11:35 Found out the info. on tele, hour after hour watching, for a glimpse, and then what, what would i do, or have achi...",4096193,0,BLOG,False,
The napkins were set the platter was arranged bautifully the walls properly decorated the entertainment had arrived lets get ready to pary,13826_2,Male,PASTEL,False,
"Of course, the crowd is gathering for a meeting in a special location. It was time for the speaker to appear as a guest. He arrived at this important venue and spoke to the people He gave a speech during the session and the people sat down to hear him. After his speech, he posed for photographs with the attendees.",38553_0,Female,PASTEL,False,
"Sometimes I have a crazy notion that runs through my head. It's actually more like a recurring question that puzzles me at odd times and places but usually when I see some otherwise taken for granted ingenious invention. For example, it happened this past Sunday as I sat in an Emergency Room wait...",4012951,0,BLOG,False,
"He entered the office building and went to the directory to find the office he needed to visit. He headed upstairs and found the sign for Loyalty, Fidelity, Broccoli. He went inside and saw a group of chairs, one being upside down. He looked out the window and down to the street and saw a tow truck. The windows were small.",23361_1,Male,PASTEL,False,
On a trip to the market I many birds hovering around the stands. Someone bought a vegetable after seeing the crowd was subsiding in front of the stand. There are many vegetables in the market to be seen as I strolled through and one stand in paticular had a very large amount. There was a lot of variety and unsual people to see. Best of all the tomatoes were perfect that I found.,21122_1,Female,PASTEL,False,
"i have decided that i am going to lose at least 20 pounds by the time school starts. as of last sunday, i have lost 4! i have been riding my bike and walking around my neighborhood, so far everything is going well. im sick of all of my friends (that are an average of 130 pounds) calling thems sel...",3751196,1,BLOG,False,
"Okay everybody get ready, it's about to begin Who is this lady standing next to me? I knew somebody would take her off my hands someday. I hope nobody notices this is not enough food. It really wasn't enough food too many people decided to show up.",29974_4,Male,PASTEL,False,
"With all the services and present day products currently being uncovered every day and deliver into use for the betterment of folks, today the most critical facility and care that is essential by most men and women out in the earth is the medical treatment and medical facilities. With escalating ...",c0f2f080e01177df5ac35d18dedb3831,female,PAN13-EN,False,
"The temperature at which book paper catches fire and burns... Rather mesmerizing book I'm reading now, written in the 1950's and still relevant even today. Before reading it, I didn't realize it was a utopia kind of story and while I've read 1984 and Brave New World, this book just didn't come to...",3670664,0,BLOG,False,
"If a person possesses a fever, what does he do?If it is not too significant, then drinking meds will do the trick.However, you will need professional advice if you have a significant disease.Negotiating a credit card debt settlement requires an expert.It would be a hard task for a normal person t...",879113f7ec959bd12153b837828ff48e,male,PAN13-EN,False,
"Many of the town's citizens decided to take part in the peace march. People of all different backgrounds and races attended. They all carried banners and signs proclaiming their peaceful, progressive beliefs. Young and old people alike were in attendance, lending their support. Later, a march focusing on police excesses followed.",37480_1,Male,PASTEL,False,
All or Nothing Uhh I know when he's been on your mind That distant look is in your eyes I thought with time you'd realize It's over over It's not the way I choose to live And something somewhere's got to give As sharing this relationship gets older older You know I'd fight for you But how I can f...,3531507,1,BLOG,False,
"DOWNLOAD 'IPOOL' Online Pool - 8-ball, 9-ball, carom, 14-1, billiards. Online multiplayer pool game with realistic game physics and accurate table / ball dimensions. Fun yet tactical game of pool. Play online now against others for free or register for the full features, which include free entry...",3374786,0,BLOG,False,
"The greatest challenge individuals who have opted for a meat or dairy totally free diet have is getting enough protein. Your system needs protein for healthy muscle tissue, immune system, cells and tissues and for the production of hormones. But, like anything else, it really is possible to overd...",3d34b37db7af3c1dc31c9f19f9ff0f7,male,PAN13-EN,False,
"Ok, so I have read ALOT of other peoples blogs and as of yet I think 3 people (friends of course) have read mine. I am going to start looking into places I can post my link so that I can get complete strangers to read my ramblings!! Why would I want complete strangers to read any of my daily nons...",3578919,1,BLOG,False,
"dearest diary, i do not know wad to put for today's title..haha..so i will talk anything under the sun...haha...lets see... i got back my papers and i FAILED BOTH MATHS!!!haha...well what can i do right?haha...chinese i pass and english summary is the best...normally i get 7 and 8 marks now i hav...",3322392,1,BLOG,False,
"'Go to America. It's filled with opportunity and knowledge' 'Go to Canada. It's fewer crime rate' 'Go to China. It's better than America' Going to a place where a person feels that he belongs, that is an exciting feeling fill with wonder and optimism. But... For many, the result is a great disapp...",3539139,0,BLOG,False,
"  technology in schools is for everyone  The African mango scam myth is blown out of the water, read about it here.  Watch this video to get info on the African mango scam myth  Is there an African mango scam or not?  read all about the African mango scam debate  Is the African mango scam really ...",682d9b4fc0ab9c306a99f4b8af476023,female,PAN13-EN,False,
I dunno. Sometimes I just think I'm doing too many things at once... But I'll give it a try for a few days...Slaving away at university at a stupid programme to save some stuff to disk. Sucks. And I wanna see football (soccer!?) instead. But there's still hours to go.That keeper really saved us t...,3441444,0,BLOG,False,
"As intelligent as I am, I overlooked a key setting for my blog. Anyone can now leave a comment on my page. It appears I have ammused myself!! Tada!Forget limitations for a few minutes. Does anyone believe that things happen for a reason? Well forget that you have to make your destiny. You have to...",3287062,0,BLOG,False,
"Todae, Sundae nite.... again mus think of tml... the dae to face the weekdaes again and to face all of those hw and test tt will be given by the teachers... But anyway, todae was quite a good dae compared to those of the others... Todae, i am able to do my hw without my dad's presence and tt i m ...",4256898,1,BLOG,False,
"I thought this whole having kids thingy was a good idea. I mean my parents did it, millions of people have done it, so it cannot be 'that' bad....Ha! I was hood-winked, hornswoggled, led astray! It is VERY difficult, mentally, and you end up bone weary physically. For example, my 3 year old has j...",4178158,1,BLOG,False,
