Submission id,Participant id,Status,Custom study tncs accepted at,Started at,Completed at,Reviewed at,Archived at,Time taken,Completion code,Total approvals,Age,Sex,Ethnicity simplified,Country of birth,Country of residence,Nationality,Language,Student status,Employment status,URL,Gender
67881d2bb6e71ceb4e9504cc,5e69987e0873d600084bc920,APPROVED,Not Applicable,2025-01-15T20:40:24.588000Z,2025-01-15T20:46:58.405000Z,2025-01-27T12:33:42.180000Z,2025-01-15T20:46:59.220937Z,394.0,C10MGJC3,3725,31,Female,White,United States,United States,United States,English,No,Full-Time,,
67881d6347659901afc791e6,66465157b6bf80457ea8d9fd,APPROVED,Not Applicable,2025-01-15T20:41:13.089000Z,2025-01-15T20:53:33.504000Z,2025-01-27T12:33:42.482000Z,2025-01-15T20:53:36.520543Z,741.0,C10MGJC3,321,44,Female,White,United States,United States,United States,English,DATA_EXPIRED,DATA_EXPIRED,,
67881d7f7cffd246afa8b742,6104332d73da970d3d795929,RETURNED,Not Applicable,2025-01-15T20:52:00.078000Z,,,2025-01-16T21:40:28.614098Z,,,184,CONSENT_REVOKED,CONSENT_REVOKED,CONSENT_REVOKED,CONSENT_REVOKED,CONSENT_REVOKED,CONSENT_REVOKED,CONSENT_REVOKED,CONSENT_REVOKED,CONSENT_REVOKED,,
67881d8674e8b270619d8759,675dd4aed41b2116f978a0a1,APPROVED,Not Applicable,2025-01-15T20:42:07.907000Z,2025-01-15T21:29:22.269000Z,2025-01-15T21:29:22.988000Z,2025-01-15T21:29:22.879289Z,2835.0,C10MGJC3,30,38,Male,White,United States,United States,United States,English,DATA_EXPIRED,DATA_EXPIRED,,
67881d8a5810c5c2c8c3a4b0,677b8a7c2a2c77756c6e49c8,APPROVED,Not Applicable,2025-01-15T20:41:55.542000Z,2025-01-15T20:54:49.979000Z,2025-01-27T12:33:41.782000Z,2025-01-15T20:54:50.752806Z,775.0,C10MGJC3,1,38,Male,Asian,Philippines,United States,Philippines,English,No,DATA_EXPIRED,,
67881d92d22b8480d7fcfdbc,673c9f4e2c5c7104667e8e46,APPROVED,Not Applicable,2025-01-15T20:42:03.089000Z,2025-01-15T21:11:37.833000Z,2025-01-15T21:11:38.883000Z,2025-01-15T21:11:38.801021Z,1775.0,C10MGJC3,24,28,Male,Black,Ghana,United States,United States,English,DATA_EXPIRED,Full-Time,,
67881d99e14cde87368e1b79,5bf1c289a34fea0001ddbe06,APPROVED,Not Applicable,2025-01-15T20:42:07.485000Z,2025-01-15T20:57:55.242000Z,2025-01-15T20:57:57.890000Z,2025-01-15T20:57:55.801975Z,948.0,C10MGJC3,1178,41,Male,White,United States,United States,United States,English,DATA_EXPIRED,DATA_EXPIRED,,
67881d9e093a956bba6f9765,675898341fe16ac844f98d26,APPROVED,Not Applicable,2025-01-15T20:43:21.242000Z,2025-01-15T21:02:16.269000Z,2025-01-15T21:02:16.966000Z,2025-01-15T21:02:16.853373Z,1136.0,C10MGJC3,8,41,Female,White,United States,United States,United States,English,Yes,Full-Time,,
67881dae6cb0bba7b526a815,5fa8827f5d5c5c73a1308378,APPROVED,Not Applicable,2025-01-15T20:42:33.681000Z,2025-01-15T21:47:27.580000Z,2025-01-15T21:47:30.597000Z,2025-01-15T21:47:30.511168Z,3894.0,C10MGJC3,284,33,Male,White,United States,United States,United States,English,No,Full-Time,,
67881dcb7c1821779c2ddc97,5a7db51c2a842c0001fc7657,APPROVED,Not Applicable,2025-01-15T20:42:55.502000Z,2025-01-15T21:10:52.641000Z,2025-01-15T21:10:53.546000Z,2025-01-15T21:10:53.484319Z,1678.0,C10MGJC3,1873,26,Female,White,United States,United States,United States,English,DATA_EXPIRED,DATA_EXPIRED,,
67881ffeb386202326a3eedd,62d2aee15e1dc6709bdcace0,APPROVED,Not Applicable,2025-01-15T20:54:11.829000Z,2025-01-15T21:12:06.816000Z,2025-01-15T21:13:11.773000Z,2025-01-15T21:12:10.573781Z,1075.0,C10MGJC3,1816,56,Female,White,United States,United States,United States,English,No,"Not in paid work (e.g. homemaker', 'retired or disabled)",,
679c6777a4577f001dc3fb33,657b0ede27d064a99e80f7f2,APPROVED,Not Applicable,2025-01-31T06:03:28.604000Z,2025-01-31T06:13:45.936000Z,2025-02-02T22:17:35.378000Z,2025-01-31T06:13:46.667689Z,618.0,C1DSW210,588,26,Female,White,United States,United States,United States,English,No,Unemployed (and job seeking),,
679c6b5f2ee035a0269cfbe2,610777877c957a4e38c46b97,RETURNED,Not Applicable,2025-01-31T06:19:16.480000Z,,,2025-01-31T13:57:01.971665Z,,,562,CONSENT_REVOKED,CONSENT_REVOKED,CONSENT_REVOKED,CONSENT_REVOKED,CONSENT_REVOKED,CONSENT_REVOKED,CONSENT_REVOKED,CONSENT_REVOKED,CONSENT_REVOKED,,
679c6c19f43a671b9ec4d5d1,6721e0cdee986d2d536f5725,APPROVED,Not Applicable,2025-01-31T06:22:57.308000Z,2025-01-31T06:58:58.320000Z,2025-01-31T06:58:59.335000Z,2025-01-31T06:58:59.195593Z,2162.0,C1DSW210,211,46,Female,Mixed,United States,United States,United States,English,No,Full-Time,,
679c6d11b034864fb42b3a10,671bc85e08b760e4e0a6bbb1,APPROVED,Not Applicable,2025-01-31T06:26:32.214000Z,2025-01-31T06:40:41.370000Z,2025-02-02T22:17:35.079000Z,2025-01-31T06:40:42.158110Z,850.0,C1DSW210,93,31,Male,White,United States,United States,United States,English,No,Part-Time,,
679c6da83c43e3ab28a07fb1,5f4eb642ce413e0ecc88e227,APPROVED,Not Applicable,2025-01-31T06:29:07.254000Z,2025-01-31T06:46:45.393000Z,2025-01-31T06:46:46.671000Z,2025-01-31T06:46:46.572491Z,1059.0,C1DSW210,1054,34,Male,Mixed,United States,United States,United States,English,No,Unemployed (and job seeking),,
679c718c92640ce3fb0c66f6,614eb0a92921d8c1e64f4873,APPROVED,Not Applicable,2025-01-31T06:49:58.946000Z,2025-01-31T07:31:50.330000Z,2025-01-31T07:31:53.222000Z,2025-01-31T07:31:51.156808Z,2512.0,C1DSW210,2968,54,Female,White,United States,United States,United States,English,No,Unemployed (and job seeking),,
679c7190dc769b2cc8c4e619,65dca50f147f751d0235caeb,APPROVED,Not Applicable,2025-01-31T06:49:36.273000Z,2025-01-31T07:41:29.223000Z,2025-01-31T07:41:30.089000Z,2025-01-31T07:41:29.975394Z,3113.0,C1DSW210,35,25,Male,Mixed,United States,United States,United States,English,No,DATA_EXPIRED,,
679c71c56b9e1dabfe0a3358,5ed716888a042d1a311fd97a,APPROVED,Not Applicable,2025-01-31T06:46:49.512000Z,2025-01-31T07:04:32.389000Z,2025-01-31T07:04:33.581000Z,2025-01-31T07:04:33.492174Z,1063.0,C1DSW210,719,28,Male,Asian,United States,United States,United States,English,No,Part-Time,,
679c72d823048d6ed5532ae2,679334a846e22adcedd4cfd0,APPROVED,Not Applicable,2025-01-31T06:51:15.599000Z,2025-01-31T08:13:57.427000Z,2025-01-31T08:13:59.331000Z,2025-01-31T08:13:58.343944Z,4962.0,C1DSW210,23,40,Female,White,United States,United States,United States,English,DATA_EXPIRED,DATA_EXPIRED,,
679c7368870e04cb9456822b,678ebce3d9bb9ffc687d8dcd,APPROVED,Not Applicable,2025-01-31T06:53:59.065000Z,2025-01-31T07:45:42.193000Z,2025-01-31T07:45:44.991000Z,2025-01-31T07:45:43.307023Z,3104.0,C1DSW210,17,25,Female,White,United States,United States,United States,English,DATA_EXPIRED,DATA_EXPIRED,,
679c863d0e5abc57381dd418,671736b13de114a142238632,RETURNED,Not Applicable,2025-01-31T08:13:49.738000Z,,,2025-01-31T13:57:01.979451Z,,,431,CONSENT_REVOKED,CONSENT_REVOKED,CONSENT_REVOKED,CONSENT_REVOKED,CONSENT_REVOKED,CONSENT_REVOKED,CONSENT_REVOKED,CONSENT_REVOKED,CONSENT_REVOKED,,
679c89fe4ddda23c48992978,675dd4aed41b2116f978a0a1,RETURNED,Not Applicable,2025-01-31T08:30:38.714000Z,,,2025-01-31T13:57:01.987866Z,,,97,CONSENT_REVOKED,CONSENT_REVOKED,CONSENT_REVOKED,CONSENT_REVOKED,CONSENT_REVOKED,CONSENT_REVOKED,CONSENT_REVOKED,CONSENT_REVOKED,CONSENT_REVOKED,,
679c8e908ae589f117bc114e,667196e97423e7565c192fb8,APPROVED,Not Applicable,2025-01-31T08:49:35.989000Z,2025-01-31T09:33:09.320000Z,2025-01-31T09:33:21.126000Z,2025-01-31T09:33:10.515175Z,2614.0,C1DSW210,910,32,Male,Black,United States,United States,United States,English,Yes,Part-Time,,
67a71a099e7a9798ea51b2f3,672587752398278f1116016d,APPROVED,Not Applicable,2025-02-08T08:47:30.033000Z,2025-02-08T09:27:54.754000Z,2025-02-08T09:27:57.808000Z,2025-02-08T09:27:55.851091Z,2425.0,C1DSW210,146,37,Female,White,United States,United States,United States,English,No,Other,,
67a71cce81591b6f7b91b3c4,5fb96b9798cd084465b0bf36,APPROVED,Not Applicable,2025-02-08T08:58:53.994000Z,2025-02-08T09:20:53.852000Z,2025-02-08T09:20:57.632000Z,2025-02-08T09:20:54.617357Z,1320.0,C1DSW210,3102,55,Male,White,United States,United States,United States,English,DATA_EXPIRED,Full-Time,,
67a71d2ae135d17d8a22adbf,62a0294e78bac60d6f9c49df,APPROVED,Not Applicable,2025-02-08T09:00:34.822000Z,2025-02-08T09:18:45.812000Z,2025-02-08T09:18:46.716000Z,2025-02-08T09:18:46.600555Z,1091.0,C1DSW210,2315,68,Male,White,United States,United States,United States,English,No,"Not in paid work (e.g. homemaker', 'retired or disabled)",,
67a71d58ad07c417ae41d458,678cab02ebdcdce48f8abd43,RETURNED,Not Applicable,2025-02-08T09:01:21.448000Z,,,2025-02-08T23:42:18.404181Z,,,41,CONSENT_REVOKED,CONSENT_REVOKED,CONSENT_REVOKED,CONSENT_REVOKED,CONSENT_REVOKED,CONSENT_REVOKED,CONSENT_REVOKED,CONSENT_REVOKED,CONSENT_REVOKED,,
67a71fa9dabb8ae724933034,66f3af39161ce99b4ec75a71,APPROVED,Not Applicable,2025-02-08T09:11:13.404000Z,2025-02-08T10:03:02.666000Z,2025-02-08T10:03:05.868000Z,2025-02-08T10:03:03.594737Z,3110.0,C1DSW210,631,30,Male,White,United States,United States,United States,English,Yes,Full-Time,,
67a71fc472ca7bc6fd611448,66f3fed9e931683984276fee,APPROVED,Not Applicable,2025-02-08T09:11:44.273000Z,2025-02-08T10:39:31.283000Z,2025-02-08T10:39:34.213000Z,2025-02-08T10:39:33.317144Z,5268.0,C1DSW210,613,53,Male,White,United States,United States,United States,English,No,Full-Time,,
67a7220c40c4f782d031786e,672257189f5d5ac3fca9ed06,TIMED-OUT,Not Applicable,2025-02-08T09:21:16.878000Z,,,2025-02-08T23:42:19.976506Z,51664.0,,120,33,Female,Black,United States,United States,United States,English,No,Full-Time,,
67a7223bd117126adcaeb14a,676977c50260dd18cb905926,TIMED-OUT,Not Applicable,2025-02-08T09:22:03.649000Z,,,2025-02-08T23:42:18.508736Z,51615.0,,28,28,Female,Black,United States,United States,United States,English,DATA_EXPIRED,Full-Time,,
67a7248286045e61bd93307d,6729fdee248a7510b80f8a6d,TIMED-OUT,Not Applicable,2025-02-08T09:31:46.161000Z,,,2025-02-08T23:42:18.439620Z,51033.0,,93,36,Female,Black,United States,United States,United States,English,No,Full-Time,,
67a72f4854b0df78b4422f4c,65654bb65a81489784483bf0,APPROVED,Not Applicable,2025-02-08T10:23:43.188000Z,2025-02-08T10:56:52.548000Z,2025-02-08T10:56:57.085000Z,2025-02-08T10:56:54.115316Z,1990.0,C1DSW210,821,33,Female,Black,United States,United States,United States,English,DATA_EXPIRED,DATA_EXPIRED,,
67a73993d95f7282d1b888f1,670d7c93f7e013eca9fb60e1,APPROVED,Not Applicable,2025-02-08T11:01:57.279000Z,2025-02-08T11:39:22.478000Z,2025-02-08T11:39:27.338000Z,2025-02-08T11:39:25.566416Z,2246.0,C1DSW210,427,43,Female,White,United States,United States,United States,English,DATA_EXPIRED,Full-Time,,
67a73ab3b2b8f50ade2283f2,6760b8f41a7653abb3f07e1c,APPROVED,Not Applicable,2025-02-08T11:06:42.797000Z,2025-02-08T11:27:36.408000Z,2025-02-08T11:27:39.662000Z,2025-02-08T11:27:37.337824Z,1254.0,C1DSW210,153,30,Female,White,United States,United States,United States,English,DATA_EXPIRED,DATA_EXPIRED,,
67a73d4259754ffd2dad84af,67756617dedb956233460ccd,APPROVED,Not Applicable,2025-02-08T11:20:37.844000Z,2025-02-08T12:12:07.045000Z,2025-02-08T12:12:09.078000Z,2025-02-08T12:12:08.622646Z,3090.0,C1DSW210,158,62,Female,Black,United States,United States,United States,English,No,Full-Time,,
67a7cf9b67dba149c2547b5a,67a512649c0c090e741461df,APPROVED,Not Applicable,2025-02-08T21:41:53.255000Z,2025-02-08T22:05:10.410000Z,2025-02-08T22:05:12.800000Z,2025-02-08T22:05:11.889543Z,1398.0,C1DSW210,8,46,Male,White,United States,United States,United States,English,No,Part-Time,,
67a71d7c9e7a9798ea51b378,67a6dd57cadaa10c63c8436e,RETURNED,Not Applicable,2025-02-08T09:02:07.270000Z,2025-02-08T09:06:55.833000Z,2025-02-09T00:12:15.878000Z,2025-02-08T23:42:18.415000Z,,NOCODE,9,CONSENT_REVOKED,CONSENT_REVOKED,CONSENT_REVOKED,CONSENT_REVOKED,CONSENT_REVOKED,CONSENT_REVOKED,CONSENT_REVOKED,CONSENT_REVOKED,CONSENT_REVOKED,,
67aa4f711fc65cad00f37c53,5608a73fd7def20012b7389d,APPROVED,Not Applicable,2025-02-10T19:12:05.512000Z,2025-02-10T19:24:14.449000Z,2025-02-10T21:27:30.941000Z,2025-02-10T19:24:43.628320Z,729.0,C1DSW210,8578,37,Male,White,United States,United States,United States,English,DATA_EXPIRED,DATA_EXPIRED,https://gender-writing-style.streamlit.app/,
67aa5122ea72da6f8ede9036,66ae39f0b2d7bee8cfdb6c9f,APPROVED,Not Applicable,2025-02-10T19:19:20.850000Z,2025-02-10T19:31:59.983000Z,2025-02-10T21:31:15.430000Z,2025-02-10T19:32:10.590953Z,760.0,C1DSW210,247,28,Female,White,Canada,United States,Canada,English,No,Full-Time,https://gender-writing-style2.streamlit.app/,
67aa516f944b6e11e2459182,6692cb26a5fb84fd6decc317,APPROVED,Not Applicable,2025-02-10T19:20:30.504000Z,2025-02-10T19:29:32.722000Z,2025-02-10T21:33:15.822000Z,2025-02-10T19:29:33.700900Z,543.0,C1DSW210,163,37,Male,Black,United States,United States,United States,English,DATA_EXPIRED,DATA_EXPIRED,https://gender-writing-style3.streamlit.app/,
67aa5215a82efe03bb9001b9,67a51833c67638a0b259c99e,APPROVED,Not Applicable,2025-02-10T19:23:01.353000Z,2025-02-10T19:47:06.707000Z,2025-02-10T19:47:11.295000Z,2025-02-10T19:47:07.492692Z,1446.0,C1DSW210,4,54,Female,White,United States,United States,United States,English,DATA_EXPIRED,DATA_EXPIRED,https://gender-writing-style.streamlit.app/,
67aa525568fc48a94a1cc6c7,67a8ec4ea60bb64966445f02,APPROVED,Not Applicable,2025-02-10T19:25:29.685000Z,2025-02-10T20:12:09.500000Z,2025-02-10T20:12:10.576000Z,2025-02-10T20:13:18.349137Z,2800.0,C1DSW210,3,46,Female,Black,United States,United States,United States,English,DATA_EXPIRED,DATA_EXPIRED,https://gender-writing-style2.streamlit.app/,
67aa526060a281f0072f4432,67a94860037d989b1884257a,APPROVED,Not Applicable,2025-02-10T19:24:24.940000Z,2025-02-10T20:15:08.596000Z,2025-02-10T20:15:09.601000Z,2025-02-10T20:15:09.405569Z,3044.0,C1DSW210,4,31,Male,White,United States,United States,United States,English,No,Full-Time,https://gender-writing-style3.streamlit.app/,
67aa52671fc65cad00f37cde,6745d5e8f25fa2c4ca556e9c,APPROVED,Not Applicable,2025-02-10T19:25:17.803000Z,2025-02-10T20:05:22.021000Z,2025-02-10T20:05:25.087000Z,2025-02-10T20:05:24.905026Z,2405.0,C1DSW210,158,49,Female,White,United States,United States,United States,English,Yes,DATA_EXPIRED,https://gender-writing-style.streamlit.app/,
67aa5274d1c0c4f5744894c5,67a51f9761d7aa2b0a88fd4a,APPROVED,Not Applicable,2025-02-10T19:25:08.068000Z,2025-02-10T20:26:52.513000Z,2025-02-10T20:26:56.294000Z,2025-02-10T20:26:55.036901Z,3705.0,C1DSW210,1,30,Female,White,United States,United States,United States,English,DATA_EXPIRED,Full-Time,https://gender-writing-style2.streamlit.app/,
67aa5298afa11db6d07816fc,66e20b1697e3310b8e5f6a2d,APPROVED,Not Applicable,2025-02-10T19:25:27.077000Z,2025-02-10T20:01:19.497000Z,2025-02-10T20:01:24.833000Z,2025-02-10T20:01:21.056968Z,2153.0,C1DSW210,531,56,Female,White,United States,United States,United States,English,No,DATA_EXPIRED,https://gender-writing-style3.streamlit.app/,
67aa52af67ab62bc630ad006,63a3375101319bb7cb39f654,APPROVED,Not Applicable,2025-02-10T19:25:42.375000Z,2025-02-10T19:41:36.276000Z,2025-02-10T21:34:22.415000Z,2025-02-10T19:41:36.862806Z,954.0,C1DSW210,2175,54,Female,Black,United States,United States,United States,English,No,Part-Time,https://gender-writing-style.streamlit.app/,
67aa5354bddb8519f52e6341,67aa10e3293f3260e5aa19bc,APPROVED,Not Applicable,2025-02-10T19:28:27.499000Z,2025-02-10T20:03:41.139000Z,2025-02-10T20:03:43.585000Z,2025-02-10T20:03:42.703236Z,2114.0,C1DSW210,1,47,Male,White,United States,United States,United States,English,Yes,Full-Time,https://gender-writing-style2.streamlit.app/,
67aa5358d4dc8f7f5455dddc,678fedd4d13617924ed637d1,APPROVED,Not Applicable,2025-02-10T19:30:41.301000Z,2025-02-10T20:16:51.272000Z,2025-02-10T20:16:53.738000Z,2025-02-10T20:16:52.545576Z,2770.0,C1DSW210,6,33,Female,White,United States,United States,United States,English,DATA_EXPIRED,DATA_EXPIRED,https://gender-writing-style3.streamlit.app/,
67aa53ebaaafb6425500a390,6769ae010d369a872b797778,APPROVED,Not Applicable,2025-02-10T19:31:00.273000Z,2025-02-10T19:42:41.971000Z,2025-02-10T21:35:16.776000Z,2025-02-10T19:42:45.747681Z,702.0,C1DSW210,1,32,Male,White,United States,United States,United States,English,DATA_EXPIRED,DATA_EXPIRED,https://gender-writing-style.streamlit.app/,
67aa53fcde006ff76173ed36,67859ff819bad167dbeff228,APPROVED,Not Applicable,2025-02-10T19:31:25.617000Z,2025-02-10T20:07:22.390000Z,2025-02-10T20:07:24.290000Z,2025-02-10T20:07:24.118939Z,2157.0,C1DSW210,24,64,Male,White,United States,United States,United States,English,No,Full-Time,https://gender-writing-style2.streamlit.app/,
67aa55290ed5f1181a29225c,67a7f4114542fa54b11cddab,RETURNED,Not Applicable,2025-02-10T19:36:28.805000Z,,,2025-02-10T21:39:30.464295Z,,,9,CONSENT_REVOKED,CONSENT_REVOKED,CONSENT_REVOKED,CONSENT_REVOKED,CONSENT_REVOKED,CONSENT_REVOKED,CONSENT_REVOKED,CONSENT_REVOKED,CONSENT_REVOKED,,
67aa56a5967ec8be823bd2eb,60cc67809f92d570ba4dc2c5,RETURNED,Not Applicable,2025-02-10T19:42:39.925000Z,,,2025-02-10T21:39:30.491372Z,,,1890,CONSENT_REVOKED,CONSENT_REVOKED,CONSENT_REVOKED,CONSENT_REVOKED,CONSENT_REVOKED,CONSENT_REVOKED,CONSENT_REVOKED,CONSENT_REVOKED,CONSENT_REVOKED,,
67aa5723f43f0e9ffd345b16,60135474a4e4aa23098da94c,RETURNED,Not Applicable,2025-02-10T19:47:16.093000Z,,,2025-02-10T21:39:30.469036Z,,,838,CONSENT_REVOKED,CONSENT_REVOKED,CONSENT_REVOKED,CONSENT_REVOKED,CONSENT_REVOKED,CONSENT_REVOKED,CONSENT_REVOKED,CONSENT_REVOKED,CONSENT_REVOKED,,
67aa578540efed328fff5023,67576aa762688ac76aa780d9,APPROVED,Not Applicable,2025-02-10T19:48:30.605000Z,2025-02-10T20:17:44.296000Z,2025-02-10T20:17:47.588000Z,2025-02-10T20:17:45.222597Z,1754.0,C1DSW210,1,46,Female,White,United States,United States,United States,English,No,Full-Time,https://gender-writing-style2.streamlit.app/,
67aa58820b1ee4bdd78f8227,6627e1b9434a2e718ed099c2,APPROVED,Not Applicable,2025-02-10T19:50:36.008000Z,2025-02-10T20:11:19.981000Z,2025-02-10T20:11:35.832000Z,2025-02-10T20:12:51.584742Z,1244.0,C1DSW210,887,30,Female,Mixed,United States,United States,Puerto Rico,English,No,Full-Time,https://gender-writing-style3.streamlit.app/,
67aa594e013279e36286a718,5f485c765324cf1ed7d564cd,RETURNED,Not Applicable,2025-02-10T19:54:56.977000Z,,,2025-02-10T21:39:30.467339Z,,,3783,CONSENT_REVOKED,CONSENT_REVOKED,CONSENT_REVOKED,CONSENT_REVOKED,CONSENT_REVOKED,CONSENT_REVOKED,CONSENT_REVOKED,CONSENT_REVOKED,CONSENT_REVOKED,,
67aa59a626ae1f174e50692d,65b1410c1261df545da74073,APPROVED,Not Applicable,2025-02-10T19:55:37.421000Z,2025-02-10T20:22:28.623000Z,2025-02-10T20:22:48.440000Z,2025-02-10T20:24:03.745486Z,1612.0,C1DSW210,658,58,Male,White,United States,United States,United States,English,DATA_EXPIRED,DATA_EXPIRED,https://gender-writing-style3.streamlit.app/,
67aa5a07ba0b47e9f68806d6,669e7970824585fb7393311d,APPROVED,Not Applicable,2025-02-10T19:57:05.726000Z,2025-02-10T20:11:14.099000Z,2025-02-10T21:35:51.265000Z,2025-02-10T20:12:43.989203Z,849.0,C1DSW210,377,30,Female,Black,United States,United States,United States,English,No,Full-Time,https://gender-writing-style.streamlit.app/,
67aa5a2fc0251d850d6a8792,663e5bec6ff4d08e75468e28,APPROVED,Not Applicable,2025-02-10T19:57:50.348000Z,2025-02-10T20:28:23.267000Z,2025-02-10T20:28:24.797000Z,2025-02-10T20:28:24.359278Z,1833.0,C1DSW210,1113,33,Female,White,United States,United States,United States,English,No,Part-Time,https://gender-writing-style2.streamlit.app/,
67aa5a9b5876c2e7ee2246f9,6782c731d8c6131c091894cb,APPROVED,Not Applicable,2025-02-10T19:59:30.268000Z,2025-02-10T20:23:42.781000Z,2025-02-10T20:23:44.581000Z,2025-02-10T20:24:31.503498Z,1453.0,C1DSW210,15,46,Female,White,United States,United States,United States,English,No,Full-Time,https://gender-writing-style3.streamlit.app/,
67aa5acd1925db5d67de9008,62f269f2a7751126ffb96a4c,RETURNED,Not Applicable,2025-02-10T20:00:19.876000Z,2025-02-10T20:16:52.816000Z,,2025-02-10T20:16:54.323000Z,,C1DSW210,1942,CONSENT_REVOKED,CONSENT_REVOKED,CONSENT_REVOKED,CONSENT_REVOKED,CONSENT_REVOKED,CONSENT_REVOKED,CONSENT_REVOKED,CONSENT_REVOKED,CONSENT_REVOKED,,
67aa5b2254ef7920392ba780,65e93461002cbec4e9a28f80,APPROVED,Not Applicable,2025-02-10T20:01:45.108000Z,2025-02-10T20:24:05.852000Z,2025-02-10T20:24:06.991000Z,2025-02-10T20:24:36.693092Z,1341.0,C1DSW210,674,54,Female,Black,United States,United States,United States,English,No,Full-Time,https://gender-writing-style2.streamlit.app/,
67aa5b3bafa11db6d078184f,676db610bfddac82b8e209ce,APPROVED,Not Applicable,2025-02-10T20:02:14.555000Z,2025-02-10T20:26:50.577000Z,2025-02-10T20:26:51.634000Z,2025-02-10T20:26:51.443419Z,1477.0,C1DSW210,145,37,Female,White,United States,United States,United States,English,No,Full-Time,https://gender-writing-style3.streamlit.app/,
67aa5b8ef2067e6693e1ba99,63fcfd81a075a45d1a821308,APPROVED,Not Applicable,2025-02-10T20:03:36.443000Z,2025-02-10T20:42:01.275000Z,2025-02-10T20:42:53.495000Z,2025-02-10T20:42:51.445585Z,2305.0,C1DSW210,4101,68,Female,Black,United States,United States,United States,English,No,"Not in paid work (e.g. homemaker', 'retired or disabled)",https://gender-writing-style.streamlit.app/,
67aa5c0de929fc6b2550026c,664672fcce821ecd654e1319,APPROVED,Not Applicable,2025-02-10T20:06:41.544000Z,2025-02-10T20:26:05.652000Z,2025-02-10T20:26:09.675000Z,2025-02-10T20:26:06.834945Z,1165.0,C1DSW210,569,40,Male,White,United States,United States,United States,English,No,Part-Time,https://gender-writing-style.streamlit.app/,
67aa5c92ba93e256b44894d8,66eb4c524a53dee8ff61c871,APPROVED,Not Applicable,2025-02-10T20:08:22.977000Z,2025-02-10T20:26:37.864000Z,2025-02-10T20:26:40.491000Z,2025-02-10T20:26:39.447414Z,1095.0,C1DSW210,497,53,Male,White,United States,United States,United States,English,DATA_EXPIRED,Part-Time,https://gender-writing-style2.streamlit.app/,
67aa5cad9f1715a70033acb9,656c0f1618254f26a3af602e,APPROVED,Not Applicable,2025-02-10T20:08:19.975000Z,2025-02-10T20:27:45.398000Z,2025-02-10T20:27:47.912000Z,2025-02-10T20:27:46.334372Z,1166.0,C1DSW210,852,51,Female,Black,United States,United States,United States,English,No,Part-Time,https://gender-writing-style3.streamlit.app/,
67aa5d1ed4ebcda465823b68,63e63a16d7a7a9ceb751d456,RETURNED,Not Applicable,2025-02-10T20:10:16.796000Z,,,2025-02-10T21:39:30.674683Z,,,990,CONSENT_REVOKED,CONSENT_REVOKED,CONSENT_REVOKED,CONSENT_REVOKED,CONSENT_REVOKED,CONSENT_REVOKED,CONSENT_REVOKED,CONSENT_REVOKED,CONSENT_REVOKED,,
67aa5d232f9efeb784f4b8a8,66aad1de760cc90b750772ce,APPROVED,Not Applicable,2025-02-10T20:10:38.819000Z,2025-02-10T20:45:16.395000Z,2025-02-10T20:45:18.249000Z,2025-02-10T20:45:28.491677Z,2078.0,C1DSW210,470,48,Female,White,United States,United States,United States,English,DATA_EXPIRED,DATA_EXPIRED,https://gender-writing-style2.streamlit.app/,
67aa5ddc50f964fc748a78dc,66dcda1f8fb90528ddd5b95a,APPROVED,Not Applicable,2025-02-10T20:13:31.091000Z,2025-02-10T20:48:24.066000Z,2025-02-10T20:48:24.935000Z,2025-02-10T20:48:24.774524Z,2093.0,C1DSW210,539,45,Female,Black,United States,United States,United States,English,No,Full-Time,https://gender-writing-style3.streamlit.app/,
67aa61344e30a408f99bc0f6,67461d568dbe9898ac96ef12,APPROVED,Not Applicable,2025-02-10T20:28:41.756000Z,2025-02-10T20:57:05.519000Z,2025-02-10T20:57:08.941000Z,2025-02-10T20:57:07.682654Z,1704.0,C1DSW210,172,61,Female,Other,United States,United States,United States,English,DATA_EXPIRED,Part-Time,https://gender-writing-style.streamlit.app/,
67ab208fe8cab7d6fb2a3056,67a7a15e59754ffd2dad9350,APPROVED,Not Applicable,2025-02-11T10:04:05.783000Z,2025-02-11T11:07:58.050000Z,2025-02-11T18:02:59.396000Z,2025-02-11T11:08:00.669380Z,3833.0,NOCODE,3,25,Female,White,United States,United States,United States,English,DATA_EXPIRED,DATA_EXPIRED,https://gender-writing-style2.streamlit.app/,Woman (including Trans Female/Trans Woman)
67ab221a28dd6def914c300a,5d847ac9be4b0b00188463d7,APPROVED,Not Applicable,2025-02-11T10:10:34.581000Z,2025-02-11T11:13:43.280000Z,2025-02-11T18:02:59.916000Z,2025-02-11T11:13:44.742144Z,3789.0,NOCODE,5241,27,Male,White,United States,United States,United States,English,No,Unemployed (and job seeking),https://gender-writing-style2.streamlit.app/,Man (including Trans Male/Trans Man)
67ab25d79ab9e7337feaec54,5ccc60abe787e000167f8143,TIMED-OUT,Not Applicable,2025-02-11T10:26:40.708000Z,,,,70645.0,,2596,26,Male,White,United States,United States,United States,English,DATA_EXPIRED,DATA_EXPIRED,,Man (including Trans Male/Trans Man)
67ab286ff928b65bc1d22886,5e56457f6370ba0184e041b4,RETURNED,Not Applicable,2025-02-11T10:37:35.143000Z,,,,,,4132,CONSENT_REVOKED,CONSENT_REVOKED,CONSENT_REVOKED,CONSENT_REVOKED,CONSENT_REVOKED,CONSENT_REVOKED,CONSENT_REVOKED,CONSENT_REVOKED,CONSENT_REVOKED,,CONSENT_REVOKED
67ab2bad665069084f829941,668c821b1bbf383ee00a01ed,RETURNED,Not Applicable,2025-02-11T10:52:06.185000Z,,,,,,719,CONSENT_REVOKED,CONSENT_REVOKED,CONSENT_REVOKED,CONSENT_REVOKED,CONSENT_REVOKED,CONSENT_REVOKED,CONSENT_REVOKED,CONSENT_REVOKED,CONSENT_REVOKED,,CONSENT_REVOKED
67ab331ffd592e83a077b6b1,677853a510ec19bf89b5b32d,RETURNED,Not Applicable,2025-02-11T11:23:18.765000Z,2025-02-11T11:42:21.532000Z,,2025-02-11T11:42:22.297000Z,,NOCODE,116,CONSENT_REVOKED,CONSENT_REVOKED,CONSENT_REVOKED,CONSENT_REVOKED,CONSENT_REVOKED,CONSENT_REVOKED,CONSENT_REVOKED,CONSENT_REVOKED,CONSENT_REVOKED,,CONSENT_REVOKED
67ab34f40644fb2d51ca72d1,5cc8a32f7639bd0001ccce85,RETURNED,Not Applicable,2025-02-11T11:31:06.900000Z,,,,,,304,CONSENT_REVOKED,CONSENT_REVOKED,CONSENT_REVOKED,CONSENT_REVOKED,CONSENT_REVOKED,CONSENT_REVOKED,CONSENT_REVOKED,CONSENT_REVOKED,CONSENT_REVOKED,,CONSENT_REVOKED
67ab37a5d41a19246b5e9a08,6725f5c628ac0ee83bb0aae2,APPROVED,Not Applicable,2025-02-11T11:43:13.078000Z,2025-02-11T12:25:51.077000Z,2025-02-11T12:25:53.632000Z,2025-02-11T12:25:52.192172Z,2558.0,C1N19CUR,231,26,Female,White,United States,United States,United States,English,No,Part-Time,https://gender-writing-style3.streamlit.app/,Woman (including Trans Female/Trans Woman)
67ab3d380c7ec3381c537b7a,67534e2faec40ce374ebcc8f,APPROVED,Not Applicable,2025-02-11T12:06:34.555000Z,2025-02-11T13:09:47.132000Z,2025-02-11T13:10:21.165000Z,2025-02-11T13:09:48.371480Z,3793.0,C1N19CUR,92,27,Female,White,United States,United States,United States,English,No,Part-Time,https://gender-writing-style.streamlit.app/,Woman (including Trans Female/Trans Woman)
67ab3da7a2f4a106745769dd,671bb2f9e9ccea553e25ac77,APPROVED,Not Applicable,2025-02-11T12:09:53.996000Z,2025-02-11T12:34:16.055000Z,2025-02-11T18:03:00.608000Z,2025-02-11T12:34:16.858316Z,1463.0,NOCODE,119,25,Female,Black,Nigeria,United States,Nigeria,English,Yes,Part-Time,https://gender-writing-style2.streamlit.app/,Woman (including Trans Female/Trans Woman)
67ab3dbaef0bee890ca54f7e,67266c0ecff4ab3acc3b5a54,TIMED-OUT,Not Applicable,2025-02-11T12:08:39.984000Z,,,,64526.0,,498,26,Female,White,United States,United States,United States,English,DATA_EXPIRED,Full-Time,,Woman (including Trans Female/Trans Woman)
67ab54c9fc278f81502b1986,669a878ad1cad8cabb0ea7dd,APPROVED,Not Applicable,2025-02-11T13:49:03.030000Z,2025-02-11T15:05:32.459000Z,2025-02-11T15:06:27.864000Z,2025-02-11T15:06:28.626750Z,4590.0,C1N19CUR,841,25,Male,Black,United States,United States,United States,English,DATA_EXPIRED,DATA_EXPIRED,https://gender-writing-style3.streamlit.app/,Man (including Trans Male/Trans Man)
67aba949ade5fc4d1c4e459d,67aa7416ca16a9a0e7db5cbc,APPROVED,Not Applicable,2025-02-11T19:47:55.294000Z,2025-02-11T20:07:32.578000Z,2025-02-11T22:59:32.740000Z,2025-02-11T20:07:33.339945Z,1178.0,NOCODE,8,35,Female,White,United States,United States,United States,English,Yes,DATA_EXPIRED,https://gender-writing-style.streamlit.app/,Woman (including Trans Female/Trans Woman)
67aba99d43d102e8d1db1883,67aa8248b8f8ea95c8ab35ee,APPROVED,Not Applicable,2025-02-11T19:49:12.401000Z,2025-02-11T20:09:17.188000Z,2025-02-11T20:09:18.254000Z,2025-02-11T20:09:18.100728Z,1205.0,C1DSW210,6,38,Female,White,United States,United States,United States,English,DATA_EXPIRED,DATA_EXPIRED,https://gender-writing-style2.streamlit.app/,Woman (including Trans Female/Trans Woman)
67aba9ffc138dae3a0c4ab70,67781725e6aed7d8f5c370e5,APPROVED,Not Applicable,2025-02-11T19:50:30.182000Z,2025-02-11T19:57:47.310000Z,2025-02-11T23:10:44.390000Z,2025-02-11T19:57:48.392096Z,438.0,C1DSW210,99,33,Female,White,United States,United States,United States,English,No,"Not in paid work (e.g. homemaker', 'retired or disabled)",https://gender-writing-style.streamlit.app/,Woman (including Trans Female/Trans Woman)
67abaaa6f6fbcc21b63094d2,5b82247316aa4400016aa924,APPROVED,Not Applicable,2025-02-11T19:53:22.016000Z,2025-02-11T20:20:43.661000Z,2025-02-11T20:20:46.025000Z,2025-02-11T20:20:44.608046Z,1642.0,C1DSW210,4212,43,Female,White,United States,United States,United States,English,DATA_EXPIRED,DATA_EXPIRED,https://gender-writing-style2.streamlit.app/,Woman (including Trans Female/Trans Woman)
67abaaebbc1b88702c93a093,672105dd28adfa878a0afc4d,RETURNED,Not Applicable,2025-02-11T19:54:30.454000Z,,,2025-02-11T23:02:15.442691Z,,,18,CONSENT_REVOKED,CONSENT_REVOKED,CONSENT_REVOKED,CONSENT_REVOKED,CONSENT_REVOKED,CONSENT_REVOKED,CONSENT_REVOKED,CONSENT_REVOKED,CONSENT_REVOKED,,CONSENT_REVOKED
67abab4731d1811eb37fd1a2,63936bad01efa1e55f6e149d,APPROVED,Not Applicable,2025-02-11T19:56:01.674000Z,2025-02-11T20:31:20.400000Z,2025-02-11T20:31:21.254000Z,2025-02-11T20:31:21.156748Z,2119.0,C1DSW210,4092,59,Female,White,United States,United States,United States,English,No,"Not in paid work (e.g. homemaker', 'retired or disabled)",https://gender-writing-style2.streamlit.app/,Woman (including Trans Female/Trans Woman)
67abac24f325efd5568d9a90,67a675fdb39106f53622c6f0,APPROVED,Not Applicable,2025-02-11T20:05:33.467000Z,2025-02-11T20:38:55.293000Z,2025-02-11T20:39:45.057000Z,2025-02-11T20:39:45.135588Z,2002.0,C1DSW210,2,36,Male,White,United States,United States,United States,English,DATA_EXPIRED,DATA_EXPIRED,https://gender-writing-style.streamlit.app/,Man (including Trans Male/Trans Man)
67abaca16529a6bc308fbb9f,67081ef77f9b5aaceef957c0,RETURNED,Not Applicable,2025-02-11T20:01:49.710000Z,,,2025-02-11T23:02:15.457069Z,,,31,CONSENT_REVOKED,CONSENT_REVOKED,CONSENT_REVOKED,CONSENT_REVOKED,CONSENT_REVOKED,CONSENT_REVOKED,CONSENT_REVOKED,CONSENT_REVOKED,CONSENT_REVOKED,,CONSENT_REVOKED
67abad3295ec246695205096,6659bd619529c0f6c8ca052a,RETURNED,Not Applicable,2025-02-11T20:14:02.976000Z,,,2025-02-11T23:02:15.451882Z,,,338,CONSENT_REVOKED,CONSENT_REVOKED,CONSENT_REVOKED,CONSENT_REVOKED,CONSENT_REVOKED,CONSENT_REVOKED,CONSENT_REVOKED,CONSENT_REVOKED,CONSENT_REVOKED,,CONSENT_REVOKED
67abafa8fd7cf5a1f1c7ec21,5db0e56e95628c0011e6df82,APPROVED,Not Applicable,2025-02-11T20:14:43.286000Z,2025-02-11T20:25:43.098000Z,2025-02-11T23:04:56.852000Z,2025-02-11T20:25:57.010111Z,660.0,C1DSW210,1498,31,Female,White,United Kingdom,United States,United Kingdom,English,No,Unemployed (and job seeking),https://gender-writing-style.streamlit.app/,Non-binary (would like to give more detail)
67abb023defbc8fc17831091,671ac4edbc7c45cc441fa575,RETURNED,Not Applicable,2025-02-11T20:16:41.167000Z,,,2025-02-11T23:02:15.475048Z,,,146,CONSENT_REVOKED,CONSENT_REVOKED,CONSENT_REVOKED,CONSENT_REVOKED,CONSENT_REVOKED,CONSENT_REVOKED,CONSENT_REVOKED,CONSENT_REVOKED,CONSENT_REVOKED,,CONSENT_REVOKED
67abb0b0d98e4c414a60ee90,6630df3a7140f6580d96d7d6,APPROVED,Not Applicable,2025-02-11T20:19:02.825000Z,2025-02-11T20:36:36.464000Z,2025-02-11T20:37:05.441000Z,2025-02-11T20:37:05.262761Z,1054.0,C1DSW210,538,40,Female,Mixed,United States,United States,United States,English,Yes,Part-Time,https://gender-writing-style.streamlit.app/,Woman (including Trans Female/Trans Woman)
67abb15b1e362629ece4aa3e,67aac6e11fce7ffca153f9eb,APPROVED,Not Applicable,2025-02-11T20:22:09.723000Z,2025-02-11T20:52:39.491000Z,2025-02-11T20:53:00.558000Z,2025-02-11T20:52:41.022303Z,1830.0,C1DSW210,32,33,Female,Black,United States,United States,United States,English,DATA_EXPIRED,DATA_EXPIRED,https://gender-writing-style2.streamlit.app/,Woman (including Trans Female/Trans Woman)
67abb1781427d66b2de36b06,66e38159331d0d141bd06b0a,AWAITING REVIEW,Not Applicable,2025-02-11T20:22:25.471000Z,2025-02-11T20:36:02.892000Z,,2025-02-11T20:36:10.160755Z,818.0,C1DSW210,711,40,Female,White,United States,United States,United States,English,No,Part-Time,https://gender-writing-style.streamlit.app/,Woman (including Trans Female/Trans Woman)
67abb17c1192aa61b99fe94e,678d162b7a22ead21c11feb6,AWAITING REVIEW,Not Applicable,2025-02-11T20:23:43.815000Z,2025-02-11T21:11:45.138000Z,,2025-02-11T21:12:45.306556Z,2882.0,NOCODE,40,34,Male,Black,United States,United States,United States,English,DATA_EXPIRED,DATA_EXPIRED,https://gender-writing-style2.streamlit.app/,Man (including Trans Male/Trans Man)
67abb1ce723ac65f073b972b,677e97d99a433e1bba0dfbe3,APPROVED,Not Applicable,2025-02-11T20:23:49.259000Z,2025-02-11T20:59:40.025000Z,2025-02-11T21:01:05.858000Z,2025-02-11T21:01:04.631480Z,2151.0,C1DSW210,20,57,Female,White,United States,United States,United States,English,No,Other,https://gender-writing-style.streamlit.app/,Woman (including Trans Female/Trans Woman)
67abb3c8029934cac48310d4,63b88b7855864805bec51ddc,RETURNED,Not Applicable,2025-02-11T20:32:29.680000Z,,,2025-02-11T23:02:15.457076Z,,,1978,CONSENT_REVOKED,CONSENT_REVOKED,CONSENT_REVOKED,CONSENT_REVOKED,CONSENT_REVOKED,CONSENT_REVOKED,CONSENT_REVOKED,CONSENT_REVOKED,CONSENT_REVOKED,,CONSENT_REVOKED
67abb4b3f1294dff263ff96f,5d815ba661013f00170a8def,TIMED-OUT,Not Applicable,2025-02-11T20:36:11.733000Z,,,2025-02-11T23:02:15.455854Z,8764.0,,3292,32,Female,White,United States,United States,United States,English,DATA_EXPIRED,DATA_EXPIRED,,Woman (including Trans Female/Trans Woman)
67abb53f24139b443530971d,65f89ea313bbc7a1f1ce3ae4,APPROVED,Not Applicable,2025-02-11T20:38:30.839000Z,2025-02-11T21:02:39.653000Z,2025-02-11T21:02:40.920000Z,2025-02-11T21:02:40.643227Z,1449.0,C1DSW210,704,31,Female,White,United States,United States,United States,English,No,Full-Time,https://gender-writing-style2.streamlit.app/,Woman (including Trans Female/Trans Woman)
67abb6210b1a06ec03d29191,66884bc1ae6c72e0b8d9e4e9,APPROVED,Not Applicable,2025-02-11T20:42:52.572000Z,2025-02-11T21:39:55.591000Z,2025-02-11T21:39:57.146000Z,2025-02-11T21:39:56.777127Z,3424.0,C1DSW210,857,47,Male,White,United States,United States,United States,English,No,Unemployed (and job seeking),https://gender-writing-style.streamlit.app/,Man (including Trans Male/Trans Man)
67abb67ddce6e0a7ad046407,5f6f88cdb1ca47522ca4eef3,RETURNED,Not Applicable,2025-02-11T20:53:41.412000Z,,,2025-02-11T23:02:15.460418Z,,,2865,CONSENT_REVOKED,CONSENT_REVOKED,CONSENT_REVOKED,CONSENT_REVOKED,CONSENT_REVOKED,CONSENT_REVOKED,CONSENT_REVOKED,CONSENT_REVOKED,CONSENT_REVOKED,,CONSENT_REVOKED
67abb6844feaf5693960961b,6717e980711aa123f04e3ae0,APPROVED,Not Applicable,2025-02-11T20:43:53.320000Z,2025-02-11T20:52:11.436000Z,2025-02-11T23:06:12.330000Z,2025-02-11T20:52:13.851550Z,499.0,C1DSW210,125,35,Female,White,United States,United States,United States,English,No,"Not in paid work (e.g. homemaker', 'retired or disabled)",https://gender-writing-style.streamlit.app/,Woman (including Trans Female/Trans Woman)
67abb7e0244da6e8fef4c76d,5f87d9bfc31a1322cfc32cbd,APPROVED,Not Applicable,2025-02-11T20:49:45.882000Z,2025-02-11T21:24:03.984000Z,2025-02-11T21:24:08.574000Z,2025-02-11T21:24:23.047316Z,2059.0,C1DSW210,3352,39,Female,White,United States,United States,United States,English,DATA_EXPIRED,DATA_EXPIRED,https://gender-writing-style2.streamlit.app/,Woman (including Trans Female/Trans Woman)
67abb7f387732746dcd2e5eb,5e92a1a4fc57e20f92eef47f,APPROVED,Not Applicable,2025-02-11T20:50:01.319000Z,2025-02-11T21:40:29.991000Z,2025-02-11T21:40:32.503000Z,2025-02-11T21:40:30.923739Z,3029.0,C1DSW210,3898,38,Female,White,United States,United States,United States,English,DATA_EXPIRED,DATA_EXPIRED,https://gender-writing-style2.streamlit.app/,Woman (including Trans Female/Trans Woman)
67abb8d374c1944a3ee39329,66746d2115cba697d123a0e2,APPROVED,Not Applicable,2025-02-11T20:59:18.133000Z,2025-02-11T21:38:37.347000Z,2025-02-11T21:38:38.386000Z,2025-02-11T21:38:38.203425Z,2360.0,C1DSW210,438,26,Male,Black,United States,United States,United States,English,DATA_EXPIRED,DATA_EXPIRED,https://gender-writing-style.streamlit.app/,Man (including Trans Male/Trans Man)
67abb93d14c66db6d1e2b6e8,6671beaf74f23fc744083c51,APPROVED,Not Applicable,2025-02-11T21:03:33.980000Z,2025-02-11T21:20:24.806000Z,2025-02-11T21:20:54.599000Z,2025-02-11T21:20:53.335711Z,1011.0,C1DSW210,546,65,Female,White,United States,United States,United States,English,No,"Not in paid work (e.g. homemaker', 'retired or disabled)",https://gender-writing-style2.streamlit.app/,Woman (including Trans Female/Trans Woman)
67abcce293785eb025449742,580d5d1f357e890001dd14ce,APPROVED,Not Applicable,2025-02-11T22:19:23.438000Z,2025-02-11T22:54:37.899000Z,2025-02-11T22:54:50.563000Z,2025-02-11T22:55:19.808084Z,2115.0,C1DSW210,9166,41,Male,White,United States,United States,United States,English,No,"Not in paid work (e.g. homemaker', 'retired or disabled)",https://gender-writing-style2.streamlit.app/,Man (including Trans Male/Trans Man)
